userId,CreationDate,Tokens
1,2010-12-01,apple microsoft samsung sony computer monitor digital dell keyboard mouse http://a apple microsoft samsung sony computer monitor digital dell keyboard mouse apple microsoft samsung sony computer monitor digital dell keyboard mouse
1,2010-12-02,apple microsoft samsung sony computer monitor digital dell keyboard mouse apple microsoft samsung sony computer monitor digital dell keyboard mouse apple microsoft samsung sony computer monitor digital dell keyboard mouse
1,2010-12-03,apple microsoft samsung sony computer monitor digital dell keyboard mouse apple microsoft samsung sony computer monitor digital dell keyboard mouse apple microsoft samsung sony computer monitor digital dell keyboard mouse
2,2010-12-01,apple microsoft samsung sony computer monitor digital dell keyboard mouse apple microsoft samsung sony computer monitor digital dell keyboard mouse apple microsoft samsung sony computer monitor digital dell keyboard mouse
2,2010-12-02,apple microsoft samsung sony computer monitor digital dell keyboard mouse apple microsoft samsung sony computer monitor digital dell keyboard mouse apple microsoft samsung sony computer monitor digital dell keyboard mouse
2,2010-12-03,apple microsoft samsung sony computer monitor digital dell keyboard mouse apple microsoft samsung sony computer monitor digital dell keyboard mouse apple microsoft samsung sony computer monitor digital dell keyboard mouse
3,2010-12-01,apple microsoft samsung sony computer monitor digital dell keyboard mouse apple microsoft samsung sony computer monitor digital dell keyboard mouse apple microsoft samsung sony computer monitor digital dell keyboard mouse
3,2010-12-02,apple microsoft samsung sony computer monitor digital dell keyboard mouse apple microsoft samsung sony computer monitor digital dell keyboard mouse apple microsoft samsung sony computer monitor digital dell keyboard mouse
3,2010-12-03,apple microsoft samsung sony computer monitor digital dell keyboard mouse apple microsoft samsung sony computer monitor digital dell keyboard mouse apple microsoft samsung sony computer monitor digital dell keyboard mouse
4,2010-12-01,apple microsoft samsung sony computer monitor digital dell keyboard mouse apple microsoft samsung sony computer monitor digital dell keyboard mouse apple microsoft samsung sony computer monitor digital dell keyboard mouse
4,2010-12-02,apple microsoft samsung sony computer monitor digital dell keyboard mouse apple microsoft samsung sony computer monitor digital dell keyboard mouse apple microsoft samsung sony computer monitor digital dell keyboard mouse
4,2010-12-03,apple microsoft samsung sony computer monitor digital dell keyboard mouse apple microsoft samsung sony computer monitor digital dell keyboard mouse apple microsoft samsung sony computer monitor digital dell keyboard mouse
5,2010-12-01,apple microsoft samsung sony computer monitor digital dell keyboard mouse apple microsoft samsung sony computer monitor digital dell keyboard mouse apple microsoft samsung sony computer monitor digital dell keyboard mouse
5,2010-12-02,apple microsoft samsung sony computer monitor digital dell keyboard mouse apple microsoft samsung sony computer monitor digital dell keyboard mouse apple microsoft samsung sony computer monitor digital dell keyboard mouse
5,2010-12-03,apple microsoft samsung sony computer monitor digital dell keyboard mouse apple microsoft samsung sony computer monitor digital dell keyboard mouse apple microsoft samsung sony computer monitor digital dell keyboard mouse http://p
6,2010-12-01,apple microsoft samsung sony computer monitor digital dell keyboard mouse apple microsoft samsung sony computer monitor digital dell keyboard mouse apple microsoft samsung sony computer monitor digital dell keyboard mouse
6,2010-12-02,apple microsoft samsung sony computer monitor digital dell keyboard mouse apple microsoft samsung sony computer monitor digital dell keyboard mouse apple microsoft samsung sony computer monitor digital dell keyboard mouse
6,2010-12-03,apple microsoft samsung sony computer monitor digital dell keyboard mouse apple microsoft samsung sony computer monitor digital dell keyboard mouse apple microsoft samsung sony computer monitor digital dell keyboard mouse
7,2010-12-01,apple microsoft samsung sony computer monitor digital dell keyboard mouse apple microsoft samsung sony computer monitor digital dell keyboard mouse apple microsoft samsung sony computer monitor digital dell keyboard mouse
7,2010-12-02,apple microsoft samsung sony computer monitor digital dell keyboard mouse apple microsoft samsung sony computer monitor digital dell keyboard mouse http://i apple microsoft samsung sony computer monitor digital dell keyboard mouse
7,2010-12-03,apple microsoft samsung sony computer monitor digital dell keyboard mouse apple microsoft samsung sony computer monitor digital dell keyboard mouse apple microsoft samsung sony computer monitor digital dell keyboard mouse
8,2010-12-01,apple microsoft samsung sony computer monitor digital dell keyboard mouse apple microsoft samsung sony computer monitor digital dell keyboard mouse apple microsoft samsung sony computer monitor digital dell keyboard mouse
8,2010-12-02,apple microsoft samsung sony computer monitor digital dell keyboard mouse apple microsoft samsung sony computer monitor digital dell keyboard mouse apple microsoft samsung sony computer monitor digital dell keyboard mouse
8,2010-12-03,apple microsoft samsung sony computer monitor digital dell keyboard mouse apple microsoft samsung sony computer monitor digital dell keyboard mouse apple microsoft samsung sony computer monitor digital dell keyboard mouse
9,2010-12-01,apple microsoft samsung sony computer monitor digital dell keyboard mouse http://b apple microsoft samsung sony computer monitor digital dell keyboard mouse apple microsoft samsung sony computer monitor digital dell keyboard mouse
9,2010-12-02,apple microsoft samsung sony computer monitor digital dell keyboard mouse apple microsoft samsung sony computer monitor digital dell keyboard mouse apple microsoft samsung sony computer monitor digital dell keyboard mouse
9,2010-12-03,apple microsoft samsung sony computer monitor digital dell keyboard mouse apple microsoft samsung sony computer monitor digital dell keyboard mouse apple microsoft samsung sony computer monitor digital dell keyboard mouse
10,2010-12-01,apple microsoft samsung sony computer monitor digital dell keyboard mouse apple microsoft samsung sony computer monitor digital dell keyboard mouse apple microsoft samsung sony computer monitor digital dell keyboard mouse
10,2010-12-02,apple microsoft samsung sony computer monitor digital dell keyboard mouse apple microsoft samsung sony computer monitor digital dell keyboard mouse apple microsoft samsung sony computer monitor digital dell keyboard mouse
10,2010-12-03,apple microsoft samsung sony computer monitor digital dell keyboard mouse apple microsoft samsung sony computer monitor digital dell keyboard mouse apple microsoft samsung sony computer monitor digital dell keyboard mouse
11,2010-12-01,apple microsoft samsung sony computer monitor digital dell keyboard mouse apple microsoft samsung sony computer monitor digital dell keyboard mouse apple microsoft samsung sony computer monitor digital dell keyboard mouse
11,2010-12-02,apple microsoft samsung sony computer monitor digital dell keyboard mouse apple microsoft samsung sony computer monitor digital dell keyboard mouse apple microsoft samsung sony computer monitor digital dell keyboard mouse
11,2010-12-03,apple microsoft samsung sony computer monitor digital dell keyboard mouse apple microsoft samsung sony computer monitor digital dell keyboard mouse apple microsoft samsung sony computer monitor digital dell keyboard mouse
12,2010-12-01,apple microsoft samsung sony computer monitor digital dell keyboard mouse apple microsoft samsung sony computer monitor digital dell keyboard mouse apple microsoft samsung sony computer monitor digital dell keyboard mouse
12,2010-12-02,apple microsoft samsung sony computer monitor digital dell keyboard mouse apple microsoft samsung sony computer monitor digital dell keyboard mouse apple microsoft samsung sony computer monitor digital dell keyboard mouse
12,2010-12-03,apple microsoft samsung sony computer monitor digital dell keyboard mouse apple microsoft samsung sony computer monitor digital dell keyboard mouse apple microsoft samsung sony computer monitor digital dell keyboard mouse
13,2010-12-01,apple microsoft samsung sony computer monitor digital dell keyboard mouse apple microsoft samsung sony computer monitor digital dell keyboard mouse apple microsoft samsung sony computer monitor digital dell keyboard mouse
13,2010-12-02,apple microsoft samsung sony computer monitor digital dell keyboard mouse apple microsoft samsung sony computer monitor digital dell keyboard mouse apple microsoft samsung sony computer monitor digital dell keyboard mouse
13,2010-12-03,apple microsoft samsung sony computer monitor digital dell keyboard mouse apple microsoft samsung sony computer monitor digital dell keyboard mouse apple microsoft samsung sony computer monitor digital dell keyboard mouse
14,2010-12-01,apple microsoft samsung sony computer monitor digital dell keyboard mouse apple microsoft samsung sony computer monitor digital dell keyboard mouse apple microsoft samsung sony computer monitor digital dell keyboard mouse
14,2010-12-02,apple microsoft samsung sony computer monitor digital dell keyboard mouse apple microsoft samsung sony computer monitor digital dell keyboard mouse apple microsoft samsung sony computer monitor digital dell keyboard mouse
14,2010-12-03,apple microsoft samsung sony computer monitor digital dell keyboard mouse http://q apple microsoft samsung sony computer monitor digital dell keyboard mouse apple microsoft samsung sony computer monitor digital dell keyboard mouse
15,2010-12-01,apple microsoft samsung sony computer monitor digital dell keyboard mouse apple microsoft samsung sony computer monitor digital dell keyboard mouse apple microsoft samsung sony computer monitor digital dell keyboard mouse
15,2010-12-02,apple microsoft samsung sony computer monitor digital dell keyboard mouse apple microsoft samsung sony computer monitor digital dell keyboard mouse apple microsoft samsung sony computer monitor digital dell keyboard mouse http://j
15,2010-12-03,apple microsoft samsung sony computer monitor digital dell keyboard mouse apple microsoft samsung sony computer monitor digital dell keyboard mouse apple microsoft samsung sony computer monitor digital dell keyboard mouse
16,2010-12-01,apple microsoft samsung sony computer monitor digital dell keyboard mouse apple microsoft samsung sony computer monitor digital dell keyboard mouse apple microsoft samsung sony computer monitor digital dell keyboard mouse
16,2010-12-02,apple microsoft samsung sony computer monitor digital dell keyboard mouse apple microsoft samsung sony computer monitor digital dell keyboard mouse apple microsoft samsung sony computer monitor digital dell keyboard mouse
16,2010-12-03,apple microsoft samsung sony computer monitor digital dell keyboard mouse apple microsoft samsung sony computer monitor digital dell keyboard mouse apple microsoft samsung sony computer monitor digital dell keyboard mouse
17,2010-12-01,apple microsoft samsung sony computer monitor digital dell keyboard mouse apple microsoft samsung sony computer monitor digital dell keyboard mouse http://c apple microsoft samsung sony computer monitor digital dell keyboard mouse
17,2010-12-02,apple microsoft samsung sony computer monitor digital dell keyboard mouse apple microsoft samsung sony computer monitor digital dell keyboard mouse apple microsoft samsung sony computer monitor digital dell keyboard mouse
17,2010-12-03,apple microsoft samsung sony computer monitor digital dell keyboard mouse apple microsoft samsung sony computer monitor digital dell keyboard mouse apple microsoft samsung sony computer monitor digital dell keyboard mouse
18,2010-12-01,apple microsoft samsung sony computer monitor digital dell keyboard mouse apple microsoft samsung sony computer monitor digital dell keyboard mouse apple microsoft samsung sony computer monitor digital dell keyboard mouse
18,2010-12-02,apple microsoft samsung sony computer monitor digital dell keyboard mouse apple microsoft samsung sony computer monitor digital dell keyboard mouse apple microsoft samsung sony computer monitor digital dell keyboard mouse
18,2010-12-03,apple microsoft samsung sony computer monitor digital dell keyboard mouse apple microsoft samsung sony computer monitor digital dell keyboard mouse apple microsoft samsung sony computer monitor digital dell keyboard mouse
19,2010-12-01,apple microsoft samsung sony computer monitor digital dell keyboard mouse apple microsoft samsung sony computer monitor digital dell keyboard mouse apple microsoft samsung sony computer monitor digital dell keyboard mouse
19,2010-12-02,apple microsoft samsung sony computer monitor digital dell keyboard mouse apple microsoft samsung sony computer monitor digital dell keyboard mouse apple microsoft samsung sony computer monitor digital dell keyboard mouse
19,2010-12-03,apple microsoft samsung sony computer monitor digital dell keyboard mouse apple microsoft samsung sony computer monitor digital dell keyboard mouse apple microsoft samsung sony computer monitor digital dell keyboard mouse
20,2010-12-01,apple microsoft samsung sony computer monitor digital dell keyboard mouse apple microsoft samsung sony computer monitor digital dell keyboard mouse apple microsoft samsung sony computer monitor digital dell keyboard mouse
20,2010-12-02,apple microsoft samsung sony computer monitor digital dell keyboard mouse apple microsoft samsung sony computer monitor digital dell keyboard mouse apple microsoft samsung sony computer monitor digital dell keyboard mouse
20,2010-12-03,apple microsoft samsung sony computer monitor digital dell keyboard mouse apple microsoft samsung sony computer monitor digital dell keyboard mouse apple microsoft samsung sony computer monitor digital dell keyboard mouse
21,2010-12-01,football volleyball basketball baseball swimming hiking biking running climbing boxing football volleyball basketball baseball swimming hiking biking running climbing boxing climbing boxing football volleyball basketball baseball swimming hiking biking running climbing boxing
21,2010-12-02,football volleyball basketball baseball swimming hiking biking running climbing boxing football volleyball basketball baseball swimming hiking biking running climbing boxing football volleyball basketball baseball swimming hiking biking running climbing boxing
21,2010-12-03,football volleyball basketball baseball swimming hiking biking running climbing boxing football volleyball basketball baseball swimming hiking biking running climbing boxing football volleyball basketball baseball swimming hiking biking running climbing boxing
22,2010-12-01,football volleyball basketball baseball swimming hiking biking running climbing boxing football volleyball basketball baseball swimming hiking biking running climbing boxing football volleyball basketball baseball swimming hiking biking running climbing boxing
22,2010-12-02,football volleyball basketball baseball swimming hiking biking running climbing boxing football volleyball basketball baseball swimming hiking biking running climbing boxing football volleyball basketball baseball swimming hiking biking running climbing boxing
22,2010-12-03,football volleyball basketball baseball swimming hiking biking running climbing boxing football volleyball basketball baseball swimming hiking biking running climbing boxing http://r football volleyball basketball baseball swimming hiking biking running climbing boxing
23,2010-12-01,football volleyball basketball baseball swimming hiking biking running climbing boxing football volleyball basketball baseball swimming hiking biking running climbing boxing football volleyball basketball baseball swimming hiking biking running climbing boxing
23,2010-12-02,football volleyball basketball baseball swimming hiking biking running climbing boxing football volleyball basketball baseball swimming hiking biking running climbing boxing football volleyball basketball baseball swimming hiking biking running climbing boxing
23,2010-12-03,football volleyball basketball baseball swimming hiking biking running climbing boxing football volleyball basketball baseball swimming hiking biking running climbing boxing football volleyball basketball baseball swimming hiking biking running climbing boxing
24,2010-12-01,football volleyball basketball baseball swimming hiking biking running climbing boxing football volleyball basketball baseball swimming hiking biking running climbing boxing football volleyball basketball baseball swimming hiking biking running climbing boxing climbing boxing
24,2010-12-02,football volleyball basketball baseball swimming hiking biking running climbing boxing http://k football volleyball basketball baseball swimming hiking biking running climbing boxing football volleyball basketball baseball swimming hiking biking running climbing boxing
24,2010-12-03,football volleyball basketball baseball swimming hiking biking running climbing boxing football volleyball basketball baseball swimming hiking biking running climbing boxing football volleyball basketball baseball swimming hiking biking running climbing boxing
25,2010-12-01,football volleyball basketball baseball swimming hiking biking running climbing boxing football volleyball basketball baseball swimming hiking biking running climbing boxing football volleyball basketball baseball swimming hiking biking running climbing boxing http://d
25,2010-12-02,football volleyball basketball baseball swimming hiking biking running climbing boxing football volleyball basketball baseball swimming hiking biking running climbing boxing football volleyball basketball baseball swimming hiking biking running climbing boxing
25,2010-12-03,football volleyball basketball baseball swimming hiking biking running climbing boxing football volleyball basketball baseball swimming hiking biking running climbing boxing football volleyball basketball baseball swimming hiking biking running climbing boxing
26,2010-12-01,football volleyball basketball baseball swimming hiking biking running climbing boxing football volleyball basketball baseball swimming hiking biking running climbing boxing football volleyball basketball baseball swimming hiking biking running climbing boxing
26,2010-12-02,football volleyball basketball baseball swimming hiking biking running climbing boxing football volleyball basketball baseball swimming hiking biking running climbing boxing football volleyball basketball baseball swimming hiking biking running climbing boxing
26,2010-12-03,football volleyball basketball baseball swimming hiking biking running climbing boxing football volleyball basketball baseball swimming hiking biking running climbing boxing football volleyball basketball baseball swimming hiking biking running climbing boxing
27,2010-12-01,football volleyball basketball baseball swimming hiking biking running climbing boxing football volleyball basketball baseball swimming hiking biking running climbing boxing football volleyball basketball baseball swimming hiking biking running climbing boxing
27,2010-12-02,football volleyball basketball baseball swimming hiking biking running climbing boxing football volleyball basketball baseball swimming hiking biking running climbing boxing football volleyball basketball baseball swimming hiking biking running climbing boxing
27,2010-12-03,football volleyball basketball baseball swimming hiking biking running climbing boxing football volleyball basketball baseball swimming hiking biking running climbing boxing football volleyball basketball baseball swimming hiking biking running climbing boxing
28,2010-12-01,football volleyball basketball baseball swimming hiking biking running climbing boxing climbing boxing football volleyball basketball baseball swimming hiking biking running climbing boxing football volleyball basketball baseball swimming hiking biking running climbing boxing
28,2010-12-02,football volleyball basketball baseball swimming hiking biking running climbing boxing football volleyball basketball baseball swimming hiking biking running climbing boxing football volleyball basketball baseball swimming hiking biking running climbing boxing
28,2010-12-03,football volleyball basketball baseball swimming hiking biking running climbing boxing football volleyball basketball baseball swimming hiking biking running climbing boxing football volleyball basketball baseball swimming hiking biking running climbing boxing
29,2010-12-01,football volleyball basketball baseball swimming hiking biking running climbing boxing football volleyball basketball baseball swimming hiking biking running climbing boxing football volleyball basketball baseball swimming hiking biking running climbing boxing
29,2010-12-02,football volleyball basketball baseball swimming hiking biking running climbing boxing football volleyball basketball baseball swimming hiking biking running climbing boxing football volleyball basketball baseball swimming hiking biking running climbing boxing
29,2010-12-03,football volleyball basketball baseball swimming hiking biking running climbing boxing football volleyball basketball baseball swimming hiking biking running climbing boxing football volleyball basketball baseball swimming hiking biking running climbing boxing
30,2010-12-01,football volleyball basketball baseball swimming hiking biking running climbing boxing football volleyball basketball baseball swimming hiking biking running climbing boxing football volleyball basketball baseball swimming hiking biking running climbing boxing
30,2010-12-02,football volleyball basketball baseball swimming hiking biking running climbing boxing football volleyball basketball baseball swimming hiking biking running climbing boxing football volleyball basketball baseball swimming hiking biking running climbing boxing
30,2010-12-03,football volleyball basketball baseball swimming hiking biking running climbing boxing football volleyball basketball baseball swimming hiking biking running climbing boxing football volleyball basketball baseball swimming hiking biking running climbing boxing http://s
31,2010-12-01,football volleyball basketball baseball swimming hiking biking running climbing boxing football volleyball basketball baseball swimming hiking biking running climbing boxing climbing boxing football volleyball basketball baseball swimming hiking biking running climbing boxing
31,2010-12-02,football volleyball basketball baseball swimming hiking biking running climbing boxing football volleyball basketball baseball swimming hiking biking running climbing boxing football volleyball basketball baseball swimming hiking biking running climbing boxing
31,2010-12-03,football volleyball basketball baseball swimming hiking biking running climbing boxing football volleyball basketball baseball swimming hiking biking running climbing boxing football volleyball basketball baseball swimming hiking biking running climbing boxing
32,2010-12-01,football volleyball basketball baseball swimming hiking biking running climbing boxing football volleyball basketball baseball swimming hiking biking running climbing boxing football volleyball basketball baseball swimming hiking biking running climbing boxing
32,2010-12-02,football volleyball basketball baseball swimming hiking biking running climbing boxing football volleyball basketball baseball swimming hiking biking running climbing boxing http://l football volleyball basketball baseball swimming hiking biking running climbing boxing
32,2010-12-03,football volleyball basketball baseball swimming hiking biking running climbing boxing football volleyball basketball baseball swimming hiking biking running climbing boxing football volleyball basketball baseball swimming hiking biking running climbing boxing
33,2010-12-01,football volleyball basketball baseball swimming hiking biking running climbing boxing football volleyball basketball baseball swimming hiking biking running climbing boxing football volleyball basketball baseball swimming hiking biking running climbing boxing
33,2010-12-02,football volleyball basketball baseball swimming hiking biking running climbing boxing football volleyball basketball baseball swimming hiking biking running climbing boxing football volleyball basketball baseball swimming hiking biking running climbing boxing
33,2010-12-03,football volleyball basketball baseball swimming hiking biking running climbing boxing football volleyball basketball baseball swimming hiking biking running climbing boxing football volleyball basketball baseball swimming hiking biking running climbing boxing
34,2010-12-01,football volleyball basketball baseball swimming hiking biking running climbing boxing http://e football volleyball basketball baseball swimming hiking biking running climbing boxing football volleyball basketball baseball swimming hiking biking running climbing boxing climbing boxing
34,2010-12-02,football volleyball basketball baseball swimming hiking biking running climbing boxing football volleyball basketball baseball swimming hiking biking running climbing boxing football volleyball basketball baseball swimming hiking biking running climbing boxing
34,2010-12-03,football volleyball basketball baseball swimming hiking biking running climbing boxing football volleyball basketball baseball swimming hiking biking running climbing boxing football volleyball basketball baseball swimming hiking biking running climbing boxing
35,2010-12-01,football volleyball basketball baseball swimming hiking biking running climbing boxing football volleyball basketball baseball swimming hiking biking running climbing boxing football volleyball basketball baseball swimming hiking biking running climbing boxing
35,2010-12-02,football volleyball basketball baseball swimming hiking biking running climbing boxing football volleyball basketball baseball swimming hiking biking running climbing boxing football volleyball basketball baseball swimming hiking biking running climbing boxing
35,2010-12-03,football volleyball basketball baseball swimming hiking biking running climbing boxing football volleyball basketball baseball swimming hiking biking running climbing boxing football volleyball basketball baseball swimming hiking biking running climbing boxing
36,2010-12-01,football volleyball basketball baseball swimming hiking biking running climbing boxing football volleyball basketball baseball swimming hiking biking running climbing boxing football volleyball basketball baseball swimming hiking biking running climbing boxing
36,2010-12-02,football volleyball basketball baseball swimming hiking biking running climbing boxing football volleyball basketball baseball swimming hiking biking running climbing boxing football volleyball basketball baseball swimming hiking biking running climbing boxing
36,2010-12-03,football volleyball basketball baseball swimming hiking biking running climbing boxing football volleyball basketball baseball swimming hiking biking running climbing boxing football volleyball basketball baseball swimming hiking biking running climbing boxing
37,2010-12-01,football volleyball basketball baseball swimming hiking biking running climbing boxing football volleyball basketball baseball swimming hiking biking running climbing boxing football volleyball basketball baseball swimming hiking biking running climbing boxing
37,2010-12-02,football volleyball basketball baseball swimming hiking biking running climbing boxing football volleyball basketball baseball swimming hiking biking running climbing boxing football volleyball basketball baseball swimming hiking biking running climbing boxing
37,2010-12-03,football volleyball basketball baseball swimming hiking biking running climbing boxing football volleyball basketball baseball swimming hiking biking running climbing boxing football volleyball basketball baseball swimming hiking biking running climbing boxing
38,2010-12-01,football volleyball basketball baseball swimming hiking biking running climbing boxing climbing boxing football volleyball basketball baseball swimming hiking biking running climbing boxing football volleyball basketball baseball swimming hiking biking running climbing boxing
38,2010-12-02,football volleyball basketball baseball swimming hiking biking running climbing boxing football volleyball basketball baseball swimming hiking biking running climbing boxing football volleyball basketball baseball swimming hiking biking running climbing boxing
38,2010-12-03,football volleyball basketball baseball swimming hiking biking running climbing boxing football volleyball basketball baseball swimming hiking biking running climbing boxing football volleyball basketball baseball swimming hiking biking running climbing boxing
39,2010-12-01,football volleyball basketball baseball swimming hiking biking running climbing boxing football volleyball basketball baseball swimming hiking biking running climbing boxing football volleyball basketball baseball swimming hiking biking running climbing boxing
39,2010-12-02,football volleyball basketball baseball swimming hiking biking running climbing boxing football volleyball basketball baseball swimming hiking biking running climbing boxing football volleyball basketball baseball swimming hiking biking running climbing boxing
39,2010-12-03,football volleyball basketball baseball swimming hiking biking running climbing boxing http://t football volleyball basketball baseball swimming hiking biking running climbing boxing football volleyball basketball baseball swimming hiking biking running climbing boxing
40,2010-12-01,football volleyball basketball baseball swimming hiking biking running climbing boxing football volleyball basketball baseball swimming hiking biking running climbing boxing football volleyball basketball baseball swimming hiking biking running climbing boxing
40,2010-12-02,football volleyball basketball baseball swimming hiking biking running climbing boxing football volleyball basketball baseball swimming hiking biking running climbing boxing football volleyball basketball baseball swimming hiking biking running climbing boxing http://m
40,2010-12-03,football volleyball basketball baseball swimming hiking biking running climbing boxing football volleyball basketball baseball swimming hiking biking running climbing boxing football volleyball basketball baseball swimming hiking biking running climbing boxing
41,2010-12-01,whatsapp instagram twitter tiktok facebook linkedin snapchat discord skype zoom whatsapp instagram twitter tiktok facebook linkedin snapchat discord skype zoom whatsapp instagram twitter tiktok facebook linkedin snapchat discord skype zoom
41,2010-12-02,football volleyball basketball baseball swimming whatsapp instagram twitter tiktok facebook linkedin snapchat discord skype zoom football volleyball basketball baseball swimming whatsapp instagram twitter tiktok facebook linkedin snapchat discord skype zoom football volleyball basketball baseball swimming whatsapp instagram twitter tiktok facebook linkedin snapchat discord skype zoom
41,2010-12-03,football volleyball basketball baseball swimming whatsapp instagram twitter tiktok facebook linkedin snapchat discord skype zoom football volleyball basketball baseball swimming whatsapp instagram twitter tiktok facebook linkedin snapchat discord skype zoom football volleyball basketball baseball swimming whatsapp instagram twitter tiktok facebook linkedin snapchat discord skype zoom
42,2010-12-01,whatsapp instagram twitter tiktok facebook linkedin snapchat discord skype zoom whatsapp instagram twitter tiktok facebook linkedin snapchat discord skype zoom http://f whatsapp instagram twitter tiktok facebook linkedin snapchat discord skype zoom
42,2010-12-02,football volleyball basketball baseball swimming whatsapp instagram twitter tiktok facebook linkedin snapchat discord skype zoom football volleyball basketball baseball swimming whatsapp instagram twitter tiktok facebook linkedin snapchat discord skype zoom football volleyball basketball baseball swimming whatsapp instagram twitter tiktok facebook linkedin snapchat discord skype zoom
42,2010-12-03,football volleyball basketball baseball swimming whatsapp instagram twitter tiktok facebook linkedin snapchat discord skype zoom football volleyball basketball baseball swimming whatsapp instagram twitter tiktok facebook linkedin snapchat discord skype zoom football volleyball basketball baseball swimming whatsapp instagram twitter tiktok facebook linkedin snapchat discord skype zoom
43,2010-12-01,whatsapp instagram twitter tiktok facebook linkedin snapchat discord skype zoom whatsapp instagram twitter tiktok facebook linkedin snapchat discord skype zoom whatsapp instagram twitter tiktok facebook linkedin snapchat discord skype zoom
43,2010-12-02,football volleyball basketball baseball swimming whatsapp instagram twitter tiktok facebook linkedin snapchat discord skype zoom football volleyball basketball baseball swimming whatsapp instagram twitter tiktok facebook linkedin snapchat discord skype zoom football volleyball basketball baseball swimming whatsapp instagram twitter tiktok facebook linkedin snapchat discord skype zoom
43,2010-12-03,football volleyball basketball baseball swimming whatsapp instagram twitter tiktok facebook linkedin snapchat discord skype zoom football volleyball basketball baseball swimming whatsapp instagram twitter tiktok facebook linkedin snapchat discord skype zoom football volleyball basketball baseball swimming whatsapp instagram twitter tiktok facebook linkedin snapchat discord skype zoom
44,2010-12-01,whatsapp instagram twitter tiktok facebook linkedin snapchat discord skype zoom whatsapp instagram twitter tiktok facebook linkedin snapchat discord skype zoom whatsapp instagram twitter tiktok facebook linkedin snapchat discord skype zoom
44,2010-12-02,football volleyball basketball baseball swimming whatsapp instagram twitter tiktok facebook linkedin snapchat discord skype zoom football volleyball basketball baseball swimming whatsapp instagram twitter tiktok facebook linkedin snapchat discord skype zoom football volleyball basketball baseball swimming whatsapp instagram twitter tiktok facebook linkedin snapchat discord skype zoom
44,2010-12-03,football volleyball basketball baseball swimming whatsapp instagram twitter tiktok facebook linkedin snapchat discord skype zoom football volleyball basketball baseball swimming whatsapp instagram twitter tiktok facebook linkedin snapchat discord skype zoom football volleyball basketball baseball swimming whatsapp instagram twitter tiktok facebook linkedin snapchat discord skype zoom
45,2010-12-01,whatsapp instagram twitter tiktok facebook linkedin snapchat discord skype zoom whatsapp instagram twitter tiktok facebook linkedin snapchat discord skype zoom whatsapp instagram twitter tiktok facebook linkedin snapchat discord skype zoom
45,2010-12-02,football volleyball basketball baseball swimming whatsapp instagram twitter tiktok facebook linkedin snapchat discord skype zoom football volleyball basketball baseball swimming whatsapp instagram twitter tiktok facebook linkedin snapchat discord skype zoom football volleyball basketball baseball swimming whatsapp instagram twitter tiktok facebook linkedin snapchat discord skype zoom
45,2010-12-03,football volleyball basketball baseball swimming whatsapp instagram twitter tiktok facebook linkedin snapchat discord skype zoom football volleyball basketball baseball swimming whatsapp instagram twitter tiktok facebook linkedin snapchat discord skype zoom football volleyball basketball baseball swimming whatsapp instagram twitter tiktok facebook linkedin snapchat discord skype zoom
46,2010-12-01,whatsapp instagram twitter tiktok facebook linkedin snapchat discord skype zoom whatsapp instagram twitter tiktok facebook linkedin snapchat discord skype zoom whatsapp instagram twitter tiktok facebook linkedin snapchat discord skype zoom
46,2010-12-02,football volleyball basketball baseball swimming whatsapp instagram twitter tiktok facebook linkedin snapchat discord skype zoom football volleyball basketball baseball swimming whatsapp instagram twitter tiktok facebook linkedin snapchat discord skype zoom football volleyball basketball baseball swimming whatsapp instagram twitter tiktok facebook linkedin snapchat discord skype zoom
46,2010-12-03,football volleyball basketball baseball swimming whatsapp instagram twitter tiktok facebook linkedin snapchat discord skype zoom football volleyball basketball baseball swimming whatsapp instagram twitter tiktok facebook linkedin snapchat discord skype zoom football volleyball basketball baseball swimming whatsapp instagram twitter tiktok facebook linkedin snapchat discord skype zoom
47,2010-12-01,whatsapp instagram twitter tiktok facebook linkedin snapchat discord skype zoom whatsapp instagram twitter tiktok facebook linkedin snapchat discord skype zoom whatsapp instagram twitter tiktok facebook linkedin snapchat discord skype zoom
47,2010-12-02,football volleyball basketball baseball swimming whatsapp instagram twitter tiktok facebook linkedin snapchat discord skype zoom football volleyball basketball baseball swimming whatsapp instagram twitter tiktok facebook linkedin snapchat discord skype zoom football volleyball basketball baseball swimming whatsapp instagram twitter tiktok facebook linkedin snapchat discord skype zoom
47,2010-12-03,football volleyball basketball baseball swimming whatsapp instagram twitter tiktok facebook linkedin snapchat discord skype zoom football volleyball basketball baseball swimming whatsapp instagram twitter tiktok facebook linkedin snapchat discord skype zoom http://u football volleyball basketball baseball swimming whatsapp instagram twitter tiktok facebook linkedin snapchat discord skype zoom
48,2010-12-01,whatsapp instagram twitter tiktok facebook linkedin snapchat discord skype zoom whatsapp instagram twitter tiktok facebook linkedin snapchat discord skype zoom whatsapp instagram twitter tiktok facebook linkedin snapchat discord skype zoom
48,2010-12-02,football volleyball basketball baseball swimming whatsapp instagram twitter tiktok facebook linkedin snapchat discord skype zoom football volleyball basketball baseball swimming whatsapp instagram twitter tiktok facebook linkedin snapchat discord skype zoom football volleyball basketball baseball swimming whatsapp instagram twitter tiktok facebook linkedin snapchat discord skype zoom
48,2010-12-03,football volleyball basketball baseball swimming whatsapp instagram twitter tiktok facebook linkedin snapchat discord skype zoom football volleyball basketball baseball swimming whatsapp instagram twitter tiktok facebook linkedin snapchat discord skype zoom football volleyball basketball baseball swimming whatsapp instagram twitter tiktok facebook linkedin snapchat discord skype zoom
49,2010-12-01,whatsapp instagram twitter tiktok facebook linkedin snapchat discord skype zoom whatsapp instagram twitter tiktok facebook linkedin snapchat discord skype zoom whatsapp instagram twitter tiktok facebook linkedin snapchat discord skype zoom
49,2010-12-02,football volleyball basketball baseball swimming whatsapp instagram twitter tiktok facebook linkedin snapchat discord skype zoom http://n football volleyball basketball baseball swimming whatsapp instagram twitter tiktok facebook linkedin snapchat discord skype zoom football volleyball basketball baseball swimming whatsapp instagram twitter tiktok facebook linkedin snapchat discord skype zoom
49,2010-12-03,football volleyball basketball baseball swimming whatsapp instagram twitter tiktok facebook linkedin snapchat discord skype zoom football volleyball basketball baseball swimming whatsapp instagram twitter tiktok facebook linkedin snapchat discord skype zoom football volleyball basketball baseball swimming whatsapp instagram twitter tiktok facebook linkedin snapchat discord skype zoom
50,2010-12-01,whatsapp instagram twitter tiktok facebook linkedin snapchat discord skype zoom whatsapp instagram twitter tiktok facebook linkedin snapchat discord skype zoom whatsapp instagram twitter tiktok facebook linkedin snapchat discord skype zoom http://g
50,2010-12-02,football volleyball basketball baseball swimming whatsapp instagram twitter tiktok facebook linkedin snapchat discord skype zoom football volleyball basketball baseball swimming whatsapp instagram twitter tiktok facebook linkedin snapchat discord skype zoom football volleyball basketball baseball swimming whatsapp instagram twitter tiktok facebook linkedin snapchat discord skype zoom
50,2010-12-03,football volleyball basketball baseball swimming whatsapp instagram twitter tiktok facebook linkedin snapchat discord skype zoom football volleyball basketball baseball swimming whatsapp instagram twitter tiktok facebook linkedin snapchat discord skype zoom football volleyball basketball baseball swimming whatsapp instagram twitter tiktok facebook linkedin snapchat discord skype zoom
51,2010-12-01,whatsapp instagram twitter tiktok facebook linkedin snapchat discord skype zoom whatsapp instagram twitter tiktok facebook linkedin snapchat discord skype zoom whatsapp instagram twitter tiktok facebook linkedin snapchat discord skype zoom
51,2010-12-02,football volleyball basketball baseball swimming whatsapp instagram twitter tiktok facebook linkedin snapchat discord skype zoom football volleyball basketball baseball swimming whatsapp instagram twitter tiktok facebook linkedin snapchat discord skype zoom football volleyball basketball baseball swimming whatsapp instagram twitter tiktok facebook linkedin snapchat discord skype zoom
51,2010-12-03,football volleyball basketball baseball swimming whatsapp instagram twitter tiktok facebook linkedin snapchat discord skype zoom football volleyball basketball baseball swimming whatsapp instagram twitter tiktok facebook linkedin snapchat discord skype zoom football volleyball basketball baseball swimming whatsapp instagram twitter tiktok facebook linkedin snapchat discord skype zoom
52,2010-12-01,whatsapp instagram twitter tiktok facebook linkedin snapchat discord skype zoom whatsapp instagram twitter tiktok facebook linkedin snapchat discord skype zoom whatsapp instagram twitter tiktok facebook linkedin snapchat discord skype zoom
52,2010-12-02,football volleyball basketball baseball swimming whatsapp instagram twitter tiktok facebook linkedin snapchat discord skype zoom football volleyball basketball baseball swimming whatsapp instagram twitter tiktok facebook linkedin snapchat discord skype zoom football volleyball basketball baseball swimming whatsapp instagram twitter tiktok facebook linkedin snapchat discord skype zoom
52,2010-12-03,football volleyball basketball baseball swimming whatsapp instagram twitter tiktok facebook linkedin snapchat discord skype zoom football volleyball basketball baseball swimming whatsapp instagram twitter tiktok facebook linkedin snapchat discord skype zoom football volleyball basketball baseball swimming whatsapp instagram twitter tiktok facebook linkedin snapchat discord skype zoom
53,2010-12-01,whatsapp instagram twitter tiktok facebook linkedin snapchat discord skype zoom whatsapp instagram twitter tiktok facebook linkedin snapchat discord skype zoom whatsapp instagram twitter tiktok facebook linkedin snapchat discord skype zoom
53,2010-12-02,football volleyball basketball baseball swimming whatsapp instagram twitter tiktok facebook linkedin snapchat discord skype zoom football volleyball basketball baseball swimming whatsapp instagram twitter tiktok facebook linkedin snapchat discord skype zoom football volleyball basketball baseball swimming whatsapp instagram twitter tiktok facebook linkedin snapchat discord skype zoom
53,2010-12-03,football volleyball basketball baseball swimming whatsapp instagram twitter tiktok facebook linkedin snapchat discord skype zoom football volleyball basketball baseball swimming whatsapp instagram twitter tiktok facebook linkedin snapchat discord skype zoom football volleyball basketball baseball swimming whatsapp instagram twitter tiktok facebook linkedin snapchat discord skype zoom
54,2010-12-01,whatsapp instagram twitter tiktok facebook linkedin snapchat discord skype zoom whatsapp instagram twitter tiktok facebook linkedin snapchat discord skype zoom whatsapp instagram twitter tiktok facebook linkedin snapchat discord skype zoom
54,2010-12-02,football volleyball basketball baseball swimming whatsapp instagram twitter tiktok facebook linkedin snapchat discord skype zoom football volleyball basketball baseball swimming whatsapp instagram twitter tiktok facebook linkedin snapchat discord skype zoom football volleyball basketball baseball swimming whatsapp instagram twitter tiktok facebook linkedin snapchat discord skype zoom
54,2010-12-03,football volleyball basketball baseball swimming whatsapp instagram twitter tiktok facebook linkedin snapchat discord skype zoom football volleyball basketball baseball swimming whatsapp instagram twitter tiktok facebook linkedin snapchat discord skype zoom football volleyball basketball baseball swimming whatsapp instagram twitter tiktok facebook linkedin snapchat discord skype zoom
55,2010-12-01,whatsapp instagram twitter tiktok facebook linkedin snapchat discord skype zoom whatsapp instagram twitter tiktok facebook linkedin snapchat discord skype zoom whatsapp instagram twitter tiktok facebook linkedin snapchat discord skype zoom
55,2010-12-02,football volleyball basketball baseball swimming whatsapp instagram twitter tiktok facebook linkedin snapchat discord skype zoom football volleyball basketball baseball swimming whatsapp instagram twitter tiktok facebook linkedin snapchat discord skype zoom football volleyball basketball baseball swimming whatsapp instagram twitter tiktok facebook linkedin snapchat discord skype zoom
55,2010-12-03,football volleyball basketball baseball swimming whatsapp instagram twitter tiktok facebook linkedin snapchat discord skype zoom football volleyball basketball baseball swimming whatsapp instagram twitter tiktok facebook linkedin snapchat discord skype zoom football volleyball basketball baseball swimming whatsapp instagram twitter tiktok facebook linkedin snapchat discord skype zoom http://v
56,2010-12-01,whatsapp instagram twitter tiktok facebook linkedin snapchat discord skype zoom whatsapp instagram twitter tiktok facebook linkedin snapchat discord skype zoom whatsapp instagram twitter tiktok facebook linkedin snapchat discord skype zoom
56,2010-12-02,football volleyball basketball baseball swimming whatsapp instagram twitter tiktok facebook linkedin snapchat discord skype zoom football volleyball basketball baseball swimming whatsapp instagram twitter tiktok facebook linkedin snapchat discord skype zoom football volleyball basketball baseball swimming whatsapp instagram twitter tiktok facebook linkedin snapchat discord skype zoom
56,2010-12-03,football volleyball basketball baseball swimming whatsapp instagram twitter tiktok facebook linkedin snapchat discord skype zoom football volleyball basketball baseball swimming whatsapp instagram twitter tiktok facebook linkedin snapchat discord skype zoom football volleyball basketball baseball swimming whatsapp instagram twitter tiktok facebook linkedin snapchat discord skype zoom
57,2010-12-01,whatsapp instagram twitter tiktok facebook linkedin snapchat discord skype zoom whatsapp instagram twitter tiktok facebook linkedin snapchat discord skype zoom whatsapp instagram twitter tiktok facebook linkedin snapchat discord skype zoom
57,2010-12-02,football volleyball basketball baseball swimming whatsapp instagram twitter tiktok facebook linkedin snapchat discord skype zoom football volleyball basketball baseball swimming whatsapp instagram twitter tiktok facebook linkedin snapchat discord skype zoom http://o football volleyball basketball baseball swimming whatsapp instagram twitter tiktok facebook linkedin snapchat discord skype zoom
57,2010-12-03,football volleyball basketball baseball swimming whatsapp instagram twitter tiktok facebook linkedin snapchat discord skype zoom football volleyball basketball baseball swimming whatsapp instagram twitter tiktok facebook linkedin snapchat discord skype zoom football volleyball basketball baseball swimming whatsapp instagram twitter tiktok facebook linkedin snapchat discord skype zoom
58,2010-12-01,whatsapp instagram twitter tiktok facebook linkedin snapchat discord skype zoom whatsapp instagram twitter tiktok facebook linkedin snapchat discord skype zoom whatsapp instagram twitter tiktok facebook linkedin snapchat discord skype zoom
58,2010-12-02,football volleyball basketball baseball swimming whatsapp instagram twitter tiktok facebook linkedin snapchat discord skype zoom football volleyball basketball baseball swimming whatsapp instagram twitter tiktok facebook linkedin snapchat discord skype zoom football volleyball basketball baseball swimming whatsapp instagram twitter tiktok facebook linkedin snapchat discord skype zoom
58,2010-12-03,football volleyball basketball baseball swimming whatsapp instagram twitter tiktok facebook linkedin snapchat discord skype zoom football volleyball basketball baseball swimming whatsapp instagram twitter tiktok facebook linkedin snapchat discord skype zoom football volleyball basketball baseball swimming whatsapp instagram twitter tiktok facebook linkedin snapchat discord skype zoom
59,2010-12-01,whatsapp instagram twitter tiktok facebook linkedin snapchat discord skype zoom http://h whatsapp instagram twitter tiktok facebook linkedin snapchat discord skype zoom whatsapp instagram twitter tiktok facebook linkedin snapchat discord skype zoom
59,2010-12-02,football volleyball basketball baseball swimming whatsapp instagram twitter tiktok facebook linkedin snapchat discord skype zoom football volleyball basketball baseball swimming whatsapp instagram twitter tiktok facebook linkedin snapchat discord skype zoom football volleyball basketball baseball swimming whatsapp instagram twitter tiktok facebook linkedin snapchat discord skype zoom
59,2010-12-03,football volleyball basketball baseball swimming whatsapp instagram twitter tiktok facebook linkedin snapchat discord skype zoom football volleyball basketball baseball swimming whatsapp instagram twitter tiktok facebook linkedin snapchat discord skype zoom football volleyball basketball baseball swimming whatsapp instagram twitter tiktok facebook linkedin snapchat discord skype zoom
60,2010-12-01,whatsapp instagram twitter tiktok facebook linkedin snapchat discord skype zoom whatsapp instagram twitter tiktok facebook linkedin snapchat discord skype zoom whatsapp instagram twitter tiktok facebook linkedin snapchat discord skype zoom
60,2010-12-02,football volleyball basketball baseball swimming whatsapp instagram twitter tiktok facebook linkedin snapchat discord skype zoom football volleyball basketball baseball swimming whatsapp instagram twitter tiktok facebook linkedin snapchat discord skype zoom football volleyball basketball baseball swimming whatsapp instagram twitter tiktok facebook linkedin snapchat discord skype zoom
60,2010-12-03,football volleyball basketball baseball swimming whatsapp instagram twitter tiktok facebook linkedin snapchat discord skype zoom football volleyball basketball baseball swimming whatsapp instagram twitter tiktok facebook linkedin snapchat discord skype zoom football volleyball basketball baseball swimming whatsapp instagram twitter tiktok facebook linkedin snapchat discord skype zoom
