"Id";"TweetId";"Text";"StartIndex";"EndIndex";"EntityTypeCode";"Url";"ExpandedUrl";"DisplayUrl";"Name";"ScreenName";"UserOrMediaId";"MediaUrl";"MediaUrlHttps";"MediaType";"MediaSize"
1;2999192431632386;"http://on.cnn.com/cE45GW";72;96;2;"http://on.cnn.com/cE45GW";"http://www.cnn.com/2010/SHOWBIZ/11/12/garfield.ill.timed.comic/index.html";"http://on.cnn.com/cE45GW";"";"";0;"";"";"";""
2;2999192431632386;"Veterans";45;54;4;"";"";"";"";"";0;"";"";"";""
3;2999192431632386;"comic";59;65;4;"";"";"";"";"";0;"";"";"";""
4;3076265317761025;"http://on.cnn.com/cE45GW";84;108;2;"http://on.cnn.com/cE45GW";"http://www.cnn.com/2010/SHOWBIZ/11/12/garfield.ill.timed.comic/index.html";"http://on.cnn.com/cE45GW";"";"";0;"";"";"";""
5;3076265317761025;"cnnbrk";3;10;3;"";"";"";"CNN Breaking News";"cnnbrk";428333;"";"";"";""
6;3076265317761025;"Veterans";57;66;4;"";"";"";"";"";0;"";"";"";""
7;3076265317761025;"comic";71;77;4;"";"";"";"";"";0;"";"";"";""
8;3068555662721024;"http://nyti.ms/aqBsKK";46;67;2;"http://nyti.ms/aqBsKK";"http://www.nytimes.com/2010/11/13/business/global/13group.html?src=twt&twt=nytimesworld";"http://nyti.ms/aqBsKK";"";"";0;"";"";"";""
9;3076826377224192;"http://nyti.ms/aqBsKK";64;85;2;"http://nyti.ms/aqBsKK";"http://www.nytimes.com/2010/11/13/business/global/13group.html?src=twt&twt=nytimesworld";"http://nyti.ms/aqBsKK";"";"";0;"";"";"";""
10;3076826377224192;"nytimesworld";3;16;3;"";"";"";"NYTimes World";"nytimesworld";1877831;"";"";"";""
11;3076796341813248;"http://bbc.in/c13bJa";34;54;2;"http://bbc.in/c13bJa";"http://www.bbc.co.uk/news/world-africa-11743454?utm_source=twitterfeed&utm_medium=twitter";"http://bbc.in/c13bJa";"";"";0;"";"";"";""
12;3077055117795328;"http://bbc.in/c13bJa";48;68;2;"http://bbc.in/c13bJa";"http://www.bbc.co.uk/news/world-africa-11743454?utm_source=twitterfeed&utm_medium=twitter";"http://bbc.in/c13bJa";"";"";0;"";"";"";""
13;3077055117795328;"BBCWorld";3;12;3;"";"";"";"BBC Global News";"BBCWorld";742143;"";"";"";""
14;3068896865161216;"http://bbc.in/9lo2HJ";34;54;2;"http://bbc.in/9lo2HJ";"http://www.bbc.co.uk/news/world-europe-11741964?utm_source=twitterfeed&utm_medium=twitter";"http://bbc.in/9lo2HJ";"";"";0;"";"";"";""
15;3077338304610304;"http://bbc.in/9lo2HJ";48;68;2;"http://bbc.in/9lo2HJ";"http://www.bbc.co.uk/news/world-europe-11741964?utm_source=twitterfeed&utm_medium=twitter";"http://bbc.in/9lo2HJ";"";"";0;"";"";"";""
16;3077338304610304;"BBCWorld";3;12;3;"";"";"";"BBC Global News";"BBCWorld";742143;"";"";"";""
18;3077705247494144;"http://bbc.in/9lo2HJ";48;68;2;"http://bbc.in/9lo2HJ";"http://www.bbc.co.uk/news/world-europe-11741964?utm_source=twitterfeed&utm_medium=twitter";"http://bbc.in/9lo2HJ";"";"";0;"";"";"";""
19;3077705247494144;"BBCWorld";3;12;3;"";"";"";"BBC Global News";"BBCWorld";742143;"";"";"";""
20;3068895317458944;"http://bbc.in/clhfod";34;54;2;"http://bbc.in/clhfod";"http://www.bbc.co.uk/news/world-africa-11742469?utm_source=twitterfeed&utm_medium=twitter";"http://bbc.in/clhfod";"";"";0;"";"";"";""
21;3077721705947136;"http://bbc.in/clhfod";48;68;2;"http://bbc.in/clhfod";"http://www.bbc.co.uk/news/world-africa-11742469?utm_source=twitterfeed&utm_medium=twitter";"http://bbc.in/clhfod";"";"";0;"";"";"";""
22;3077721705947136;"BBCWorld";3;12;3;"";"";"";"BBC Global News";"BBCWorld";742143;"";"";"";""
24;3077937448361984;"http://bbc.in/c13bJa";48;68;2;"http://bbc.in/c13bJa";"http://www.bbc.co.uk/news/world-africa-11743454?utm_source=twitterfeed&utm_medium=twitter";"http://bbc.in/c13bJa";"";"";0;"";"";"";""
25;3077937448361984;"BBCWorld";3;12;3;"";"";"";"BBC Global News";"BBCWorld";742143;"";"";"";""
26;3053486396669952;"http://bbc.in/9kmBDX";33;53;2;"http://bbc.in/9kmBDX";"http://www.bbc.co.uk/news/entertainment-arts-11741823?utm_source=twitterfeed&utm_medium=twitter";"http://bbc.in/9kmBDX";"";"";0;"";"";"";""
27;3077973565513729;"http://bbc.in/9kmBDX";47;67;2;"http://bbc.in/9kmBDX";"http://www.bbc.co.uk/news/entertainment-arts-11741823?utm_source=twitterfeed&utm_medium=twitter";"http://bbc.in/9kmBDX";"";"";0;"";"";"";""
28;3077973565513729;"BBCWorld";3;12;3;"";"";"";"BBC Global News";"BBCWorld";742143;"";"";"";""
29;3076113764982786;"http://nyti.ms/ctKSA3";72;93;2;"http://nyti.ms/ctKSA3";"http://www.nytimes.com/2010/11/13/arts/13iht-scmoscow.html?src=twt&twt=nytimesarts";"http://nyti.ms/ctKSA3";"";"";0;"";"";"";""
30;3078146026901504;"http://nyti.ms/ctKSA3";89;110;2;"http://nyti.ms/ctKSA3";"http://www.nytimes.com/2010/11/13/arts/13iht-scmoscow.html?src=twt&twt=nytimesarts";"http://nyti.ms/ctKSA3";"";"";0;"";"";"";""
31;3078146026901504;"nytimesarts";3;15;3;"";"";"";"NYTimes Arts";"nytimesarts";1440641;"";"";"";""
32;3072637689401344;"http://bbc.in/aXY9Le";34;54;2;"http://bbc.in/aXY9Le";"http://news.bbc.co.uk/sport2/hi/football/teams/m/man_city/9184225.stm?utm_source=twitterfeed&utm_medium=twitter";"http://bbc.in/aXY9Le";"";"";0;"";"";"";""
33;3078713725952001;"http://bbc.in/aXY9Le";48;68;2;"http://bbc.in/aXY9Le";"http://news.bbc.co.uk/sport2/hi/football/teams/m/man_city/9184225.stm?utm_source=twitterfeed&utm_medium=twitter";"http://bbc.in/aXY9Le";"";"";0;"";"";"";""
34;3078713725952001;"BBCSport";3;12;3;"";"";"";"BBC Sport";"BBCSport";110379542;"";"";"";""
36;3078727281942528;"http://bbc.in/9lo2HJ";48;68;2;"http://bbc.in/9lo2HJ";"http://www.bbc.co.uk/news/world-europe-11741964?utm_source=twitterfeed&utm_medium=twitter";"http://bbc.in/9lo2HJ";"";"";0;"";"";"";""
37;3078727281942528;"BBCWorld";3;12;3;"";"";"";"BBC Global News";"BBCWorld";742143;"";"";"";""
38;3072634967293954;"http://bbc.in/c47W34";18;38;2;"http://bbc.in/c47W34";"http://news.bbc.co.uk/sport2/hi/football/eng_prem/9180667.stm?utm_source=twitterfeed&utm_medium=twitter";"http://bbc.in/c47W34";"";"";0;"";"";"";""
39;3078730960347136;"http://bbc.in/c47W34";32;52;2;"http://bbc.in/c47W34";"http://news.bbc.co.uk/sport2/hi/football/eng_prem/9180667.stm?utm_source=twitterfeed&utm_medium=twitter";"http://bbc.in/c47W34";"";"";0;"";"";"";""
40;3078730960347136;"BBCSport";3;12;3;"";"";"";"BBC Sport";"BBCSport";110379542;"";"";"";""
42;3078740686934017;"http://bbc.in/clhfod";48;68;2;"http://bbc.in/clhfod";"http://www.bbc.co.uk/news/world-africa-11742469?utm_source=twitterfeed&utm_medium=twitter";"http://bbc.in/clhfod";"";"";0;"";"";"";""
43;3078740686934017;"BBCWorld";3;12;3;"";"";"";"BBC Global News";"BBCWorld";742143;"";"";"";""
44;3067048078868480;"http://nyti.ms/b1NoSj";45;66;2;"http://nyti.ms/b1NoSj";"http://www.nytimes.com/2010/11/13/world/asia/13myanmar.html?src=twt&twt=nytimes";"http://nyti.ms/b1NoSj";"";"";0;"";"";"";""
45;3078754511355904;"http://nyti.ms/b1NoSj";58;79;2;"http://nyti.ms/b1NoSj";"http://www.nytimes.com/2010/11/13/world/asia/13myanmar.html?src=twt&twt=nytimes";"http://nyti.ms/b1NoSj";"";"";0;"";"";"";""
46;3078754511355904;"nytimes";3;11;3;"";"";"";"The New York Times";"nytimes";807095;"";"";"";""
47;3061240381313024;"http://bbc.in/9LpT4n";33;53;2;"http://bbc.in/9LpT4n";"http://www.bbc.co.uk/news/world-europe-11742042?utm_source=twitterfeed&utm_medium=twitter";"http://bbc.in/9LpT4n";"";"";0;"";"";"";""
48;3078823801266176;"http://bbc.in/9LpT4n";47;67;2;"http://bbc.in/9LpT4n";"http://www.bbc.co.uk/news/world-europe-11742042?utm_source=twitterfeed&utm_medium=twitter";"http://bbc.in/9LpT4n";"";"";0;"";"";"";""
49;3078823801266176;"BBCWorld";3;12;3;"";"";"";"BBC Global News";"BBCWorld";742143;"";"";"";""
50;3053484966420481;"http://bbc.in/bXgKAU";32;52;2;"http://bbc.in/bXgKAU";"http://www.bbc.co.uk/news/world-africa-11743807?utm_source=twitterfeed&utm_medium=twitter";"http://bbc.in/bXgKAU";"";"";0;"";"";"";""
51;3079112105136128;"http://bbc.in/bXgKAU";46;66;2;"http://bbc.in/bXgKAU";"http://www.bbc.co.uk/news/world-africa-11743807?utm_source=twitterfeed&utm_medium=twitter";"http://bbc.in/bXgKAU";"";"";0;"";"";"";""
52;3079112105136128;"BBCWorld";3;12;3;"";"";"";"BBC Global News";"BBCWorld";742143;"";"";"";""
53;3053483540353024;"http://bbc.in/bh4XuW";34;54;2;"http://bbc.in/bh4XuW";"http://www.bbc.co.uk/news/world-latin-america-11743629?utm_source=twitterfeed&utm_medium=twitter";"http://bbc.in/bh4XuW";"";"";0;"";"";"";""
54;3079118698586113;"http://bbc.in/bh4XuW";48;68;2;"http://bbc.in/bh4XuW";"http://www.bbc.co.uk/news/world-latin-america-11743629?utm_source=twitterfeed&utm_medium=twitter";"http://bbc.in/bh4XuW";"";"";0;"";"";"";""
55;3079118698586113;"BBCWorld";3;12;3;"";"";"";"BBC Global News";"BBCWorld";742143;"";"";"";""
56;3045381197791232;"http://nyti.ms/9Sndzv";36;57;2;"http://nyti.ms/9Sndzv";"http://www.nytimes.com/aponline/2010/11/12/world/asia/AP-AS-Myanmar-Election.html?src=twt&twt=nytimes";"http://nyti.ms/9Sndzv";"";"";0;"";"";"";""
57;3079181051105280;"http://nyti.ms/9Sndzv";49;70;2;"http://nyti.ms/9Sndzv";"http://www.nytimes.com/aponline/2010/11/12/world/asia/AP-AS-Myanmar-Election.html?src=twt&twt=nytimes";"http://nyti.ms/9Sndzv";"";"";0;"";"";"";""
58;3079181051105280;"nytimes";3;11;3;"";"";"";"The New York Times";"nytimes";807095;"";"";"";""
59;3040515469611008;"http://bbc.in/9ccnMN";107;127;2;"http://bbc.in/9ccnMN";"http://www.bbc.co.uk/radio2/shows/in-concert/manic-street-preachers/";"http://bbc.in/9ccnMN";"";"";0;"";"";"";""
60;3040515469611008;"BBC_Radio_2";3;15;3;"";"";"";"BBC Radio 2";"BBC_Radio_2";798277;"";"";"";""
61;3079235040186368;"BBC6MusicNews";3;17;3;"";"";"";"BBC 6 Music News";"BBC6MusicNews";21201280;"";"";"";""
62;3079235040186368;"BBC_Radio_2";22;34;3;"";"";"";"BBC Radio 2";"BBC_Radio_2";798277;"";"";"";""
63;3037367384416257;"http://nyti.ms/bWzb7v";36;57;2;"http://nyti.ms/bWzb7v";"http://www.nytimes.com/2010/11/13/world/middleeast/13sharon.html?src=twt&twt=nytimes";"http://nyti.ms/bWzb7v";"";"";0;"";"";"";""
64;3079253864222720;"http://nyti.ms/bWzb7v";49;70;2;"http://nyti.ms/bWzb7v";"http://www.nytimes.com/2010/11/13/world/middleeast/13sharon.html?src=twt&twt=nytimes";"http://nyti.ms/bWzb7v";"";"";0;"";"";"";""
65;3079253864222720;"nytimes";3;11;3;"";"";"";"The New York Times";"nytimes";807095;"";"";"";""
66;3078069451489280;"http://bbc.in/95fv9t";32;52;2;"http://bbc.in/95fv9t";"http://www.bbc.co.uk/news/business-11743229?utm_source=twitterfeed&utm_medium=twitter";"http://bbc.in/95fv9t";"";"";0;"";"";"";""
67;3079742093795328;"http://bbc.in/95fv9t";49;69;2;"http://bbc.in/95fv9t";"http://www.bbc.co.uk/news/business-11743229?utm_source=twitterfeed&utm_medium=twitter";"http://bbc.in/95fv9t";"";"";0;"";"";"";""
68;3079742093795328;"BBCBusiness";3;15;3;"";"";"";"BBC Business";"BBCBusiness";621523;"";"";"";""
69;3062846569054208;"http://bbc.in/btJGDf";20;40;2;"http://bbc.in/btJGDf";"http://www.bbc.co.uk/news/technology-11738925?utm_source=twitterfeed&utm_medium=twitter";"http://bbc.in/btJGDf";"";"";0;"";"";"";""
70;3079908834148352;"http://bbc.in/btJGDf";33;53;2;"http://bbc.in/btJGDf";"http://www.bbc.co.uk/news/technology-11738925?utm_source=twitterfeed&utm_medium=twitter";"http://bbc.in/btJGDf";"";"";0;"";"";"";""
71;3079908834148352;"BBCTech";3;11;3;"";"";"";"BBC Technology";"BBCTech";621583;"";"";"";""
72;3076393084649472;"http://bit.ly/9zpYER";24;44;2;"http://bit.ly/9zpYER";"http://www.cnn.com/2010/SHOWBIZ/Movies/11/11/morning.glory.review.ew/index.html?eref=rss_showbiz&utm_source=CNN&utm_medium=feed&utm_campaign=Feed%3A+rss%2Fcnn_showbiz+%28RSS%3A+CNN+-+Entertainment%29";"http://bit.ly/9zpYER";"";"";0;"";"";"";""
73;3080050475794432;"http://bit.ly/9zpYER";40;60;2;"http://bit.ly/9zpYER";"http://www.cnn.com/2010/SHOWBIZ/Movies/11/11/morning.glory.review.ew/index.html?eref=rss_showbiz&utm_source=CNN&utm_medium=feed&utm_campaign=Feed%3A+rss%2Fcnn_showbiz+%28RSS%3A+CNN+-+Entertainment%29";"http://bit.ly/9zpYER";"";"";0;"";"";"";""
74;3080050475794432;"CNNshowbiz";3;14;3;"";"";"";"CNN Entertainment";"CNNshowbiz";110458336;"";"";"";""
75;3076390790373377;"http://bit.ly/b9MRW6";63;83;2;"http://bit.ly/b9MRW6";"http://www.cnn.com/2010/SHOWBIZ/Music/11/12/iconic.photographer.mick.rock/index.html?eref=rss_showbiz&utm_source=CNN&utm_medium=feed&utm_campaign=Feed%3A+rss%2Fcnn_showbiz+%28RSS%3A+CNN+-+Entertainment%29";"http://bit.ly/b9MRW6";"";"";0;"";"";"";""
76;3080088329392128;"http://bit.ly/b9MRW6";79;99;2;"http://bit.ly/b9MRW6";"http://www.cnn.com/2010/SHOWBIZ/Music/11/12/iconic.photographer.mick.rock/index.html?eref=rss_showbiz&utm_source=CNN&utm_medium=feed&utm_campaign=Feed%3A+rss%2Fcnn_showbiz+%28RSS%3A+CNN+-+Entertainment%29";"http://bit.ly/b9MRW6";"";"";0;"";"";"";""
77;3080088329392128;"CNNshowbiz";3;14;3;"";"";"";"CNN Entertainment";"CNNshowbiz";110458336;"";"";"";""
78;3047309134798848;"http://bbc.in/a89jxj";34;54;2;"http://bbc.in/a89jxj";"http://www.bbc.co.uk/news/technology-11734909?utm_source=twitterfeed&utm_medium=twitter";"http://bbc.in/a89jxj";"";"";0;"";"";"";""
79;3080189579890688;"http://bbc.in/a89jxj";47;67;2;"http://bbc.in/a89jxj";"http://www.bbc.co.uk/news/technology-11734909?utm_source=twitterfeed&utm_medium=twitter";"http://bbc.in/a89jxj";"";"";0;"";"";"";""
80;3080189579890688;"BBCTech";3;11;3;"";"";"";"BBC Technology";"BBCTech";621583;"";"";"";""
81;2992058943930368;"http://bbc.in/bXhazs";34;54;2;"http://bbc.in/bXhazs";"http://www.bbc.co.uk/news/business-11740915?utm_source=twitterfeed&utm_medium=twitter";"http://bbc.in/bXhazs";"";"";0;"";"";"";""
82;3080284035612674;"http://bbc.in/bXhazs";51;71;2;"http://bbc.in/bXhazs";"http://www.bbc.co.uk/news/business-11740915?utm_source=twitterfeed&utm_medium=twitter";"http://bbc.in/bXhazs";"";"";0;"";"";"";""
83;3080284035612674;"BBCBusiness";3;15;3;"";"";"";"BBC Business";"BBCBusiness";621523;"";"";"";""
85;3080681538191360;"http://bbc.in/9LpT4n";47;67;2;"http://bbc.in/9LpT4n";"http://www.bbc.co.uk/news/world-europe-11742042?utm_source=twitterfeed&utm_medium=twitter";"http://bbc.in/9LpT4n";"";"";0;"";"";"";""
86;3080681538191360;"BBCWorld";3;12;3;"";"";"";"BBC Global News";"BBCWorld";742143;"";"";"";""
87;3065653191770112;"http://on.cnn.com/cC4l3n";84;108;2;"http://on.cnn.com/cC4l3n";"http://www.cnn.com/videos/";"http://on.cnn.com/cC4l3n";"";"";0;"";"";"";""
88;3080808927596544;"http://on.cnn.com/cC4l3n";97;121;2;"http://on.cnn.com/cC4l3n";"http://www.cnn.com/videos/";"http://on.cnn.com/cC4l3n";"";"";0;"";"";"";""
89;3080808927596544;"CNNLive";3;11;3;"";"";"";"CNN Live";"CNNLive";9245812;"";"";"";""
90;3080935331336192;"http://bbc.in/bnWeCF";34;54;2;"http://bbc.in/bnWeCF";"http://news.bbc.co.uk/sport2/hi/football/teams/l/liverpool/9184747.stm?utm_source=twitterfeed&utm_medium=twitter";"http://bbc.in/bnWeCF";"";"";0;"";"";"";""
91;3080994559102977;"http://bbc.in/bnWeCF";48;68;2;"http://bbc.in/bnWeCF";"http://news.bbc.co.uk/sport2/hi/football/teams/l/liverpool/9184747.stm?utm_source=twitterfeed&utm_medium=twitter";"http://bbc.in/bnWeCF";"";"";0;"";"";"";""
92;3080994559102977;"BBCSport";3;12;3;"";"";"";"BBC Sport";"BBCSport";110379542;"";"";"";""
93;2913330121408513;"http://nyti.ms/cWRlhE";47;68;2;"http://nyti.ms/cWRlhE";"http://www.nytimes.com/2010/11/12/technology/12valley.html?src=twt&twt=nytimestech";"http://nyti.ms/cWRlhE";"";"";0;"";"";"";""
94;3081182048686080;"http://nyti.ms/cWRlhE";64;85;2;"http://nyti.ms/cWRlhE";"http://www.nytimes.com/2010/11/12/technology/12valley.html?src=twt&twt=nytimestech";"http://nyti.ms/cWRlhE";"";"";0;"";"";"";""
95;3081182048686080;"nytimestech";3;15;3;"";"";"";"NYTimes Technology";"nytimestech";19661363;"";"";"";""
97;3081212960710656;"http://bbc.in/c13bJa";48;68;2;"http://bbc.in/c13bJa";"http://www.bbc.co.uk/news/world-africa-11743454?utm_source=twitterfeed&utm_medium=twitter";"http://bbc.in/c13bJa";"";"";0;"";"";"";""
98;3081212960710656;"BBCWorld";3;12;3;"";"";"";"BBC Global News";"BBCWorld";742143;"";"";"";""
99;3081209705926656;"http://bbc.in/cNhMGj";32;52;2;"http://bbc.in/cNhMGj";"http://www.bbc.co.uk/news/health-11741350?utm_source=twitterfeed&utm_medium=twitter";"http://bbc.in/cNhMGj";"";"";0;"";"";"";""
100;3081276705734656;"http://bbc.in/cNhMGj";47;67;2;"http://bbc.in/cNhMGj";"http://www.bbc.co.uk/news/health-11741350?utm_source=twitterfeed&utm_medium=twitter";"http://bbc.in/cNhMGj";"";"";0;"";"";"";""
101;3081276705734656;"bbchealth";3;13;3;"";"";"";"BBC Health";"bbchealth";621543;"";"";"";""
103;3081382548996096;"http://bbc.in/9kmBDX";47;67;2;"http://bbc.in/9kmBDX";"http://www.bbc.co.uk/news/entertainment-arts-11741823?utm_source=twitterfeed&utm_medium=twitter";"http://bbc.in/9kmBDX";"";"";0;"";"";"";""
104;3081382548996096;"BBCWorld";3;12;3;"";"";"";"BBC Global News";"BBCWorld";742143;"";"";"";""
105;3080891165315072;"http://on.cnn.com/9UCl0U";67;91;2;"http://on.cnn.com/9UCl0U";"http://www.cnn.com/videos/";"http://on.cnn.com/9UCl0U";"";"";0;"";"";"";""
106;3081870749208576;"http://on.cnn.com/9UCl0U";80;104;2;"http://on.cnn.com/9UCl0U";"http://www.cnn.com/videos/";"http://on.cnn.com/9UCl0U";"";"";0;"";"";"";""
107;3081870749208576;"CNNLive";3;11;3;"";"";"";"CNN Live";"CNNLive";9245812;"";"";"";""
111;3082583885742081;"http://on.cnn.com/cE45GW";84;108;2;"http://on.cnn.com/cE45GW";"http://www.cnn.com/2010/SHOWBIZ/11/12/garfield.ill.timed.comic/index.html";"http://on.cnn.com/cE45GW";"";"";0;"";"";"";""
112;3082583885742081;"cnnbrk";3;10;3;"";"";"";"CNN Breaking News";"cnnbrk";428333;"";"";"";""
113;3082583885742081;"Veterans";57;66;4;"";"";"";"";"";0;"";"";"";""
114;3082583885742081;"comic";71;77;4;"";"";"";"";"";0;"";"";"";""
115;3034602767650816;"http://on.cnn.com/9wY3dk";63;87;2;"http://on.cnn.com/9wY3dk";"http://www.cnn.com/2010/POLITICS/11/12/obama.tax.cuts/index.html";"http://on.cnn.com/9wY3dk";"";"";0;"";"";"";""
116;3034602767650816;"G";3;5;4;"";"";"";"";"";0;"";"";"";""
117;3034602767650816;"Obama";22;28;4;"";"";"";"";"";0;"";"";"";""
118;3034602767650816;"tax";53;57;4;"";"";"";"";"";0;"";"";"";""
119;3083107687211008;"http://on.cnn.com/9wY3dk";75;99;2;"http://on.cnn.com/9wY3dk";"http://www.cnn.com/2010/POLITICS/11/12/obama.tax.cuts/index.html";"http://on.cnn.com/9wY3dk";"";"";0;"";"";"";""
120;3083107687211008;"cnnbrk";3;10;3;"";"";"";"CNN Breaking News";"cnnbrk";428333;"";"";"";""
121;3083107687211008;"G";15;17;4;"";"";"";"";"";0;"";"";"";""
122;3083107687211008;"Obama";34;40;4;"";"";"";"";"";0;"";"";"";""
123;3083107687211008;"tax";65;69;4;"";"";"";"";"";0;"";"";"";""
124;3082425005510656;"http://bbc.in/b6FFYc";31;51;2;"http://bbc.in/b6FFYc";"http://www.bbc.co.uk/news/uk-politics-11741834?utm_source=twitterfeed&utm_medium=twitter";"http://bbc.in/b6FFYc";"";"";0;"";"";"";""
125;3083213689851904;"http://bbc.in/b6FFYc";44;64;2;"http://bbc.in/b6FFYc";"http://www.bbc.co.uk/news/uk-politics-11741834?utm_source=twitterfeed&utm_medium=twitter";"http://bbc.in/b6FFYc";"";"";0;"";"";"";""
126;3083213689851904;"BBCNews";3;11;3;"";"";"";"BBC News";"BBCNews";612473;"";"";"";""
127;3066645090148353;"http://bbc.in/9YcJOk";34;54;2;"http://bbc.in/9YcJOk";"http://www.bbc.co.uk/news/uk-wales-11744469?utm_source=twitterfeed&utm_medium=twitter";"http://bbc.in/9YcJOk";"";"";0;"";"";"";""
128;3083232316755969;"http://bbc.in/9YcJOk";47;67;2;"http://bbc.in/9YcJOk";"http://www.bbc.co.uk/news/uk-wales-11744469?utm_source=twitterfeed&utm_medium=twitter";"http://bbc.in/9YcJOk";"";"";0;"";"";"";""
129;3083232316755969;"BBCNews";3;11;3;"";"";"";"BBC News";"BBCNews";612473;"";"";"";""
131;3084133194530816;"http://nyti.ms/9Sndzv";49;70;2;"http://nyti.ms/9Sndzv";"http://www.nytimes.com/aponline/2010/11/12/world/asia/AP-AS-Myanmar-Election.html?src=twt&twt=nytimes";"http://nyti.ms/9Sndzv";"";"";0;"";"";"";""
132;3084133194530816;"nytimes";3;11;3;"";"";"";"The New York Times";"nytimes";807095;"";"";"";""
133;3084582995890176;"http://bbc.in/cDlQIL";34;54;2;"http://bbc.in/cDlQIL";"http://news.bbc.co.uk/sport2/hi/football/teams/l/liverpool/9184747.stm?utm_source=twitterfeed&utm_medium=twitter";"http://bbc.in/cDlQIL";"";"";0;"";"";"";""
134;3084958721638402;"http://bbc.in/cDlQIL";48;68;2;"http://bbc.in/cDlQIL";"http://news.bbc.co.uk/sport2/hi/football/teams/l/liverpool/9184747.stm?utm_source=twitterfeed&utm_medium=twitter";"http://bbc.in/cDlQIL";"";"";0;"";"";"";""
135;3084958721638402;"BBCWorld";3;12;3;"";"";"";"BBC Global News";"BBCWorld";742143;"";"";"";""
136;3084578017255424;"http://bbc.in/bujkyf";32;52;2;"http://bbc.in/bujkyf";"http://www.bbc.co.uk/news/entertainment-arts-11741555?utm_source=twitterfeed&utm_medium=twitter";"http://bbc.in/bujkyf";"";"";0;"";"";"";""
137;3084969991737344;"http://bbc.in/bujkyf";46;66;2;"http://bbc.in/bujkyf";"http://www.bbc.co.uk/news/entertainment-arts-11741555?utm_source=twitterfeed&utm_medium=twitter";"http://bbc.in/bujkyf";"";"";0;"";"";"";""
138;3084969991737344;"BBCWorld";3;12;3;"";"";"";"BBC Global News";"BBCWorld";742143;"";"";"";""
140;3085259923001344;"http://bbc.in/cDlQIL";48;68;2;"http://bbc.in/cDlQIL";"http://news.bbc.co.uk/sport2/hi/football/teams/l/liverpool/9184747.stm?utm_source=twitterfeed&utm_medium=twitter";"http://bbc.in/cDlQIL";"";"";0;"";"";"";""
141;3085259923001344;"BBCWorld";3;12;3;"";"";"";"BBC Global News";"BBCWorld";742143;"";"";"";""
143;3085427279929344;"http://bbc.in/bujkyf";46;66;2;"http://bbc.in/bujkyf";"http://www.bbc.co.uk/news/entertainment-arts-11741555?utm_source=twitterfeed&utm_medium=twitter";"http://bbc.in/bujkyf";"";"";0;"";"";"";""
144;3085427279929344;"BBCWorld";3;12;3;"";"";"";"BBC Global News";"BBCWorld";742143;"";"";"";""
146;3085646012874752;"http://bbc.in/bujkyf";46;66;2;"http://bbc.in/bujkyf";"http://www.bbc.co.uk/news/entertainment-arts-11741555?utm_source=twitterfeed&utm_medium=twitter";"http://bbc.in/bujkyf";"";"";0;"";"";"";""
147;3085646012874752;"BBCWorld";3;12;3;"";"";"";"BBC Global News";"BBCWorld";742143;"";"";"";""
149;3086358994227200;"http://bbc.in/bujkyf";46;66;2;"http://bbc.in/bujkyf";"http://www.bbc.co.uk/news/entertainment-arts-11741555?utm_source=twitterfeed&utm_medium=twitter";"http://bbc.in/bujkyf";"";"";0;"";"";"";""
150;3086358994227200;"BBCWorld";3;12;3;"";"";"";"BBC Global News";"BBCWorld";742143;"";"";"";""
151;3087141089316864;"http://bit.ly/dvurnE";109;129;2;"http://bit.ly/dvurnE";"http://crooksandliars.com/heather/morning-joe-panel-trashes-uk-student-prote?utm_source=twitterfeed&utm_medium=twitter";"http://bit.ly/dvurnE";"";"";0;"";"";"";""
152;3087141089316864;"BBCWorld";0;9;3;"";"";"";"BBC Global News";"BBCWorld";742143;"";"";"";""
153;3087141089316864;"JoeNBC";20;27;3;"";"";"";"Joe Scarborough";"JoeNBC";21619519;"";"";"";""
154;3087141089316864;"cspanwj";130;138;3;"";"";"";"Washington Journal";"cspanwj";15923226;"";"";"";""
155;2968593272672256;"http://nyti.ms/asRbqe";51;72;2;"http://nyti.ms/asRbqe";"http://www.nytimes.com/2010/11/12/nyregion/12soho.html?src=twt&twt=nytimes";"http://nyti.ms/asRbqe";"";"";0;"";"";"";""
156;3087587849801728;"http://nyti.ms/asRbqe";64;85;2;"http://nyti.ms/asRbqe";"http://www.nytimes.com/2010/11/12/nyregion/12soho.html?src=twt&twt=nytimes";"http://nyti.ms/asRbqe";"";"";0;"";"";"";""
157;3087587849801728;"nytimes";3;11;3;"";"";"";"The New York Times";"nytimes";807095;"";"";"";""
158;2916292675772416;"http://nyti.ms/9A2IQa";48;69;2;"http://nyti.ms/9A2IQa";"http://www.nytimes.com/2010/11/12/us/politics/12fiscal.html?src=twt&twt=nytimes";"http://nyti.ms/9A2IQa";"";"";0;"";"";"";""
159;3087747560509440;"http://nyti.ms/9A2IQa";61;82;2;"http://nyti.ms/9A2IQa";"http://www.nytimes.com/2010/11/12/us/politics/12fiscal.html?src=twt&twt=nytimes";"http://nyti.ms/9A2IQa";"";"";0;"";"";"";""
160;3087747560509440;"nytimes";3;11;3;"";"";"";"The New York Times";"nytimes";807095;"";"";"";""
161;3073626253295616;"http://nyti.ms/9I57Or";49;70;2;"http://nyti.ms/9I57Or";"http://thelede.blogs.nytimes.com/2010/11/12/video-from-myanmar-shows-pro-democracy-activists/?src=twt&twt=thelede";"http://nyti.ms/9I57Or";"";"";0;"";"";"";""
162;3087760172777472;"http://nyti.ms/9I57Or";62;83;2;"http://nyti.ms/9I57Or";"http://thelede.blogs.nytimes.com/2010/11/12/video-from-myanmar-shows-pro-democracy-activists/?src=twt&twt=thelede";"http://nyti.ms/9I57Or";"";"";0;"";"";"";""
163;3087760172777472;"thelede";3;11;3;"";"";"";"NYTimes The Lede";"thelede";14434011;"";"";"";""
164;2906794116517888;"http://nyti.ms/dBAkDZ";47;68;2;"http://nyti.ms/dBAkDZ";"http://www.nytimes.com/2010/11/12/technology/12valley.html?src=twt&twt=nytimes";"http://nyti.ms/dBAkDZ";"";"";0;"";"";"";""
165;3087878124998656;"http://nyti.ms/dBAkDZ";60;81;2;"http://nyti.ms/dBAkDZ";"http://www.nytimes.com/2010/11/12/technology/12valley.html?src=twt&twt=nytimes";"http://nyti.ms/dBAkDZ";"";"";0;"";"";"";""
166;3087878124998656;"nytimes";3;11;3;"";"";"";"The New York Times";"nytimes";807095;"";"";"";""
168;3088048145309696;"http://on.cnn.com/9UCl0U";80;104;2;"http://on.cnn.com/9UCl0U";"http://www.cnn.com/videos/";"http://on.cnn.com/9UCl0U";"";"";0;"";"";"";""
169;3088048145309696;"CNNLive";3;11;3;"";"";"";"CNN Live";"CNNLive";9245812;"";"";"";""
171;3088459900133377;"http://bbc.in/cDlQIL";48;68;2;"http://bbc.in/cDlQIL";"http://news.bbc.co.uk/sport2/hi/football/teams/l/liverpool/9184747.stm?utm_source=twitterfeed&utm_medium=twitter";"http://bbc.in/cDlQIL";"";"";0;"";"";"";""
172;3088459900133377;"BBCWorld";3;12;3;"";"";"";"BBC Global News";"BBCWorld";742143;"";"";"";""
174;3089029880872960;"http://bbc.in/9YcJOk";47;67;2;"http://bbc.in/9YcJOk";"http://www.bbc.co.uk/news/uk-wales-11744469?utm_source=twitterfeed&utm_medium=twitter";"http://bbc.in/9YcJOk";"";"";0;"";"";"";""
175;3089029880872960;"BBCNews";3;11;3;"";"";"";"BBC News";"BBCNews";612473;"";"";"";""
176;3089416809619456;"http://nyti.ms/cF6hmK";29;50;2;"http://nyti.ms/cF6hmK";"http://lens.blogs.nytimes.com/2010/11/12/timeless-stories-in-1970s-new-york/";"http://nyti.ms/cF6hmK";"";"";0;"";"";"";""
177;3089416809619456;"photos";51;58;4;"";"";"";"";"";0;"";"";"";""
178;3089772625010689;"http://nyti.ms/cF6hmK";47;68;2;"http://nyti.ms/cF6hmK";"http://lens.blogs.nytimes.com/2010/11/12/timeless-stories-in-1970s-new-york/";"http://nyti.ms/cF6hmK";"";"";0;"";"";"";""
179;3089772625010689;"nytimesphoto";3;16;3;"";"";"";"NYTimes.com/Lens";"nytimesphoto";22411875;"";"";"";""
180;3089772625010689;"photos";69;76;4;"";"";"";"";"";0;"";"";"";""
181;3089654303690752;"http://on.cnn.com/bNfVyv";51;75;2;"http://on.cnn.com/bNfVyv";"http://www.cnn.com/2010/WORLD/asiapcf/11/12/indonesia.volcano/index.html";"http://on.cnn.com/bNfVyv";"";"";0;"";"";"";""
182;3089654303690752;"Indonesia";16;26;4;"";"";"";"";"";0;"";"";"";""
183;3089654303690752;"volcano";27;35;4;"";"";"";"";"";0;"";"";"";""
184;3089920310640640;"http://on.cnn.com/bNfVyv";63;87;2;"http://on.cnn.com/bNfVyv";"http://www.cnn.com/2010/WORLD/asiapcf/11/12/indonesia.volcano/index.html";"http://on.cnn.com/bNfVyv";"";"";0;"";"";"";""
185;3089920310640640;"cnnbrk";3;10;3;"";"";"";"CNN Breaking News";"cnnbrk";428333;"";"";"";""
186;3089920310640640;"Indonesia";28;38;4;"";"";"";"";"";0;"";"";"";""
187;3089920310640640;"volcano";39;47;4;"";"";"";"";"";0;"";"";"";""
191;3089979005739008;"http://on.cnn.com/bNfVyv";63;87;2;"http://on.cnn.com/bNfVyv";"http://www.cnn.com/2010/WORLD/asiapcf/11/12/indonesia.volcano/index.html";"http://on.cnn.com/bNfVyv";"";"";0;"";"";"";""
192;3089979005739008;"cnnbrk";3;10;3;"";"";"";"CNN Breaking News";"cnnbrk";428333;"";"";"";""
193;3089979005739008;"Indonesia";28;38;4;"";"";"";"";"";0;"";"";"";""
194;3089979005739008;"volcano";39;47;4;"";"";"";"";"";0;"";"";"";""
195;3090052238286850;"nytimes";0;8;3;"";"";"";"The New York Times";"nytimes";807095;"";"";"";""
196;3090052238286850;"50cent";32;39;3;"";"";"";"50cent";"50cent";18222378;"";"";"";""
197;3090052238286850;"teamfollowback";47;62;4;"";"";"";"";"";0;"";"";"";""
201;3090104130211840;"http://on.cnn.com/bNfVyv";63;87;2;"http://on.cnn.com/bNfVyv";"http://www.cnn.com/2010/WORLD/asiapcf/11/12/indonesia.volcano/index.html";"http://on.cnn.com/bNfVyv";"";"";0;"";"";"";""
202;3090104130211840;"cnnbrk";3;10;3;"";"";"";"CNN Breaking News";"cnnbrk";428333;"";"";"";""
203;3090104130211840;"Indonesia";28;38;4;"";"";"";"";"";0;"";"";"";""
204;3090104130211840;"volcano";39;47;4;"";"";"";"";"";0;"";"";"";""
208;3090158731657216;"http://on.cnn.com/bNfVyv";63;87;2;"http://on.cnn.com/bNfVyv";"http://www.cnn.com/2010/WORLD/asiapcf/11/12/indonesia.volcano/index.html";"http://on.cnn.com/bNfVyv";"";"";0;"";"";"";""
209;3090158731657216;"cnnbrk";3;10;3;"";"";"";"CNN Breaking News";"cnnbrk";428333;"";"";"";""
210;3090158731657216;"Indonesia";28;38;4;"";"";"";"";"";0;"";"";"";""
211;3090158731657216;"volcano";39;47;4;"";"";"";"";"";0;"";"";"";""
215;3090224309604352;"http://on.cnn.com/bNfVyv";63;87;2;"http://on.cnn.com/bNfVyv";"http://www.cnn.com/2010/WORLD/asiapcf/11/12/indonesia.volcano/index.html";"http://on.cnn.com/bNfVyv";"";"";0;"";"";"";""
216;3090224309604352;"cnnbrk";3;10;3;"";"";"";"CNN Breaking News";"cnnbrk";428333;"";"";"";""
217;3090224309604352;"Indonesia";28;38;4;"";"";"";"";"";0;"";"";"";""
218;3090224309604352;"volcano";39;47;4;"";"";"";"";"";0;"";"";"";""
219;3090148405284864;"http://bbc.in/bnX7kh";33;53;2;"http://bbc.in/bnX7kh";"http://www.bbc.co.uk/news/uk-england-surrey-11745286?utm_source=twitterfeed&utm_medium=twitter";"http://bbc.in/bnX7kh";"";"";0;"";"";"";""
220;3090232475918336;"http://bbc.in/bnX7kh";46;66;2;"http://bbc.in/bnX7kh";"http://www.bbc.co.uk/news/uk-england-surrey-11745286?utm_source=twitterfeed&utm_medium=twitter";"http://bbc.in/bnX7kh";"";"";0;"";"";"";""
221;3090232475918336;"BBCNews";3;11;3;"";"";"";"BBC News";"BBCNews";612473;"";"";"";""
226;3090240902275072;"http://on.cnn.com/9wY3dk";75;99;2;"http://on.cnn.com/9wY3dk";"http://www.cnn.com/2010/POLITICS/11/12/obama.tax.cuts/index.html";"http://on.cnn.com/9wY3dk";"";"";0;"";"";"";""
227;3090240902275072;"cnnbrk";3;10;3;"";"";"";"CNN Breaking News";"cnnbrk";428333;"";"";"";""
228;3090240902275072;"G";15;17;4;"";"";"";"";"";0;"";"";"";""
229;3090240902275072;"Obama";34;40;4;"";"";"";"";"";0;"";"";"";""
230;3090240902275072;"tax";65;69;4;"";"";"";"";"";0;"";"";"";""
234;3090255670415361;"http://on.cnn.com/bNfVyv";63;87;2;"http://on.cnn.com/bNfVyv";"http://www.cnn.com/2010/WORLD/asiapcf/11/12/indonesia.volcano/index.html";"http://on.cnn.com/bNfVyv";"";"";0;"";"";"";""
235;3090255670415361;"cnnbrk";3;10;3;"";"";"";"CNN Breaking News";"cnnbrk";428333;"";"";"";""
236;3090255670415361;"Indonesia";28;38;4;"";"";"";"";"";0;"";"";"";""
237;3090255670415361;"volcano";39;47;4;"";"";"";"";"";0;"";"";"";""
241;3090265296343040;"http://on.cnn.com/bNfVyv";63;87;2;"http://on.cnn.com/bNfVyv";"http://www.cnn.com/2010/WORLD/asiapcf/11/12/indonesia.volcano/index.html";"http://on.cnn.com/bNfVyv";"";"";0;"";"";"";""
242;3090265296343040;"cnnbrk";3;10;3;"";"";"";"CNN Breaking News";"cnnbrk";428333;"";"";"";""
243;3090265296343040;"Indonesia";28;38;4;"";"";"";"";"";0;"";"";"";""
244;3090265296343040;"volcano";39;47;4;"";"";"";"";"";0;"";"";"";""
248;3090277443047424;"http://on.cnn.com/bNfVyv";63;87;2;"http://on.cnn.com/bNfVyv";"http://www.cnn.com/2010/WORLD/asiapcf/11/12/indonesia.volcano/index.html";"http://on.cnn.com/bNfVyv";"";"";0;"";"";"";""
249;3090277443047424;"cnnbrk";3;10;3;"";"";"";"CNN Breaking News";"cnnbrk";428333;"";"";"";""
250;3090277443047424;"Indonesia";28;38;4;"";"";"";"";"";0;"";"";"";""
251;3090277443047424;"volcano";39;47;4;"";"";"";"";"";0;"";"";"";""
255;3090279158513664;"http://on.cnn.com/bNfVyv";63;87;2;"http://on.cnn.com/bNfVyv";"http://www.cnn.com/2010/WORLD/asiapcf/11/12/indonesia.volcano/index.html";"http://on.cnn.com/bNfVyv";"";"";0;"";"";"";""
256;3090279158513664;"cnnbrk";3;10;3;"";"";"";"CNN Breaking News";"cnnbrk";428333;"";"";"";""
257;3090279158513664;"Indonesia";28;38;4;"";"";"";"";"";0;"";"";"";""
258;3090279158513664;"volcano";39;47;4;"";"";"";"";"";0;"";"";"";""
262;3090361245245440;"http://on.cnn.com/bNfVyv";63;87;2;"http://on.cnn.com/bNfVyv";"http://www.cnn.com/2010/WORLD/asiapcf/11/12/indonesia.volcano/index.html";"http://on.cnn.com/bNfVyv";"";"";0;"";"";"";""
263;3090361245245440;"cnnbrk";3;10;3;"";"";"";"CNN Breaking News";"cnnbrk";428333;"";"";"";""
264;3090361245245440;"Indonesia";28;38;4;"";"";"";"";"";0;"";"";"";""
265;3090361245245440;"volcano";39;47;4;"";"";"";"";"";0;"";"";"";""
268;3090763332194304;"http://nyti.ms/cF6hmK";47;68;2;"http://nyti.ms/cF6hmK";"http://lens.blogs.nytimes.com/2010/11/12/timeless-stories-in-1970s-new-york/";"http://nyti.ms/cF6hmK";"";"";0;"";"";"";""
269;3090763332194304;"nytimesphoto";3;16;3;"";"";"";"NYTimes.com/Lens";"nytimesphoto";22411875;"";"";"";""
270;3090763332194304;"photos";69;76;4;"";"";"";"";"";0;"";"";"";""
271;3090605408264192;"http://nyti.ms/cF6hmK";29;50;2;"http://nyti.ms/cF6hmK";"http://lens.blogs.nytimes.com/2010/11/12/timeless-stories-in-1970s-new-york/";"http://nyti.ms/cF6hmK";"";"";0;"";"";"";""
272;3090605408264192;"photos";51;58;4;"";"";"";"";"";0;"";"";"";""
273;3090932006129664;"http://nyti.ms/cF6hmK";42;63;2;"http://nyti.ms/cF6hmK";"http://lens.blogs.nytimes.com/2010/11/12/timeless-stories-in-1970s-new-york/";"http://nyti.ms/cF6hmK";"";"";0;"";"";"";""
274;3090932006129664;"nytimes";3;11;3;"";"";"";"The New York Times";"nytimes";807095;"";"";"";""
275;3090932006129664;"photos";64;71;4;"";"";"";"";"";0;"";"";"";""
279;3090936175263744;"http://on.cnn.com/bNfVyv";63;87;2;"http://on.cnn.com/bNfVyv";"http://www.cnn.com/2010/WORLD/asiapcf/11/12/indonesia.volcano/index.html";"http://on.cnn.com/bNfVyv";"";"";0;"";"";"";""
280;3090936175263744;"cnnbrk";3;10;3;"";"";"";"CNN Breaking News";"cnnbrk";428333;"";"";"";""
281;3090936175263744;"Indonesia";28;38;4;"";"";"";"";"";0;"";"";"";""
282;3090936175263744;"volcano";39;47;4;"";"";"";"";"";0;"";"";"";""
283;3091151431139329;"http://bit.ly/cmX00A";103;123;2;"http://bit.ly/cmX00A";"http://www.cnn.com/2010/WORLD/asiapcf/11/12/indonesia.volcano/index.html?eref=rss_topstories&utm_source=%23frankguillen&utm_medium=twitter&utm_campaign=FrankGuillen+Buzz";"http://bit.ly/cmX00A";"";"";0;"";"";"";""
284;3091151431139329;"cnnbrk";0;7;3;"";"";"";"CNN Breaking News";"cnnbrk";428333;"";"";"";""
285;3091151431139329;"topNews";124;132;4;"";"";"";"";"";0;"";"";"";""
286;3091151431139329;"fb";133;136;4;"";"";"";"";"";0;"";"";"";""
289;3091157814874113;"http://nyti.ms/cF6hmK";42;63;2;"http://nyti.ms/cF6hmK";"http://lens.blogs.nytimes.com/2010/11/12/timeless-stories-in-1970s-new-york/";"http://nyti.ms/cF6hmK";"";"";0;"";"";"";""
290;3091157814874113;"nytimes";3;11;3;"";"";"";"The New York Times";"nytimes";807095;"";"";"";""
291;3091157814874113;"photos";64;71;4;"";"";"";"";"";0;"";"";"";""
294;3091347577774080;"http://nyti.ms/cF6hmK";42;63;2;"http://nyti.ms/cF6hmK";"http://lens.blogs.nytimes.com/2010/11/12/timeless-stories-in-1970s-new-york/";"http://nyti.ms/cF6hmK";"";"";0;"";"";"";""
295;3091347577774080;"nytimes";3;11;3;"";"";"";"The New York Times";"nytimes";807095;"";"";"";""
296;3091347577774080;"photos";64;71;4;"";"";"";"";"";0;"";"";"";""
297;2449446143004672;"http://on.cnn.com/cAIr18";54;78;2;"http://on.cnn.com/cAIr18";"http://news.blogs.cnn.com/2010/11/10/alcohlic-energy-drinks-banned-in-washington-state/";"http://on.cnn.com/cAIr18";"";"";0;"";"";"";""
298;3091564863692801;"http://on.cnn.com/cAIr18";66;90;2;"http://on.cnn.com/cAIr18";"http://news.blogs.cnn.com/2010/11/10/alcohlic-energy-drinks-banned-in-washington-state/";"http://on.cnn.com/cAIr18";"";"";0;"";"";"";""
299;3091564863692801;"cnnbrk";3;10;3;"";"";"";"CNN Breaking News";"cnnbrk";428333;"";"";"";""
302;3091894884114432;"http://nyti.ms/cF6hmK";42;63;2;"http://nyti.ms/cF6hmK";"http://lens.blogs.nytimes.com/2010/11/12/timeless-stories-in-1970s-new-york/";"http://nyti.ms/cF6hmK";"";"";0;"";"";"";""
303;3091894884114432;"nytimes";3;11;3;"";"";"";"The New York Times";"nytimes";807095;"";"";"";""
304;3091894884114432;"photos";64;71;4;"";"";"";"";"";0;"";"";"";""
308;3091895794278400;"http://on.cnn.com/bNfVyv";63;87;2;"http://on.cnn.com/bNfVyv";"http://www.cnn.com/2010/WORLD/asiapcf/11/12/indonesia.volcano/index.html";"http://on.cnn.com/bNfVyv";"";"";0;"";"";"";""
309;3091895794278400;"cnnbrk";3;10;3;"";"";"";"CNN Breaking News";"cnnbrk";428333;"";"";"";""
310;3091895794278400;"Indonesia";28;38;4;"";"";"";"";"";0;"";"";"";""
311;3091895794278400;"volcano";39;47;4;"";"";"";"";"";0;"";"";"";""
315;3092074278690816;"http://on.cnn.com/bNfVyv";63;87;2;"http://on.cnn.com/bNfVyv";"http://www.cnn.com/2010/WORLD/asiapcf/11/12/indonesia.volcano/index.html";"http://on.cnn.com/bNfVyv";"";"";0;"";"";"";""
316;3092074278690816;"cnnbrk";3;10;3;"";"";"";"CNN Breaking News";"cnnbrk";428333;"";"";"";""
317;3092074278690816;"Indonesia";28;38;4;"";"";"";"";"";0;"";"";"";""
318;3092074278690816;"volcano";39;47;4;"";"";"";"";"";0;"";"";"";""
319;3092101348724737;"http://nyti.ms/cF6hmK";110;131;2;"http://nyti.ms/cF6hmK";"http://lens.blogs.nytimes.com/2010/11/12/timeless-stories-in-1970s-new-york/";"http://nyti.ms/cF6hmK";"";"";0;"";"";"";""
320;3092101348724737;"nytimes";72;80;3;"";"";"";"The New York Times";"nytimes";807095;"";"";"";""
321;3092101348724737;"photos";132;139;4;"";"";"";"";"";0;"";"";"";""
325;3092105404616704;"http://on.cnn.com/bNfVyv";63;87;2;"http://on.cnn.com/bNfVyv";"http://www.cnn.com/2010/WORLD/asiapcf/11/12/indonesia.volcano/index.html";"http://on.cnn.com/bNfVyv";"";"";0;"";"";"";""
326;3092105404616704;"cnnbrk";3;10;3;"";"";"";"CNN Breaking News";"cnnbrk";428333;"";"";"";""
327;3092105404616704;"Indonesia";28;38;4;"";"";"";"";"";0;"";"";"";""
328;3092105404616704;"volcano";39;47;4;"";"";"";"";"";0;"";"";"";""
331;3092262854594560;"http://nyti.ms/cF6hmK";42;63;2;"http://nyti.ms/cF6hmK";"http://lens.blogs.nytimes.com/2010/11/12/timeless-stories-in-1970s-new-york/";"http://nyti.ms/cF6hmK";"";"";0;"";"";"";""
332;3092262854594560;"nytimes";3;11;3;"";"";"";"The New York Times";"nytimes";807095;"";"";"";""
333;3092262854594560;"photos";64;71;4;"";"";"";"";"";0;"";"";"";""
337;3092319515451393;"http://on.cnn.com/bNfVyv";63;87;2;"http://on.cnn.com/bNfVyv";"http://www.cnn.com/2010/WORLD/asiapcf/11/12/indonesia.volcano/index.html";"http://on.cnn.com/bNfVyv";"";"";0;"";"";"";""
338;3092319515451393;"cnnbrk";3;10;3;"";"";"";"CNN Breaking News";"cnnbrk";428333;"";"";"";""
339;3092319515451393;"Indonesia";28;38;4;"";"";"";"";"";0;"";"";"";""
340;3092319515451393;"volcano";39;47;4;"";"";"";"";"";0;"";"";"";""
342;3092341942386688;"http://bbc.in/c13bJa";48;68;2;"http://bbc.in/c13bJa";"http://www.bbc.co.uk/news/world-africa-11743454?utm_source=twitterfeed&utm_medium=twitter";"http://bbc.in/c13bJa";"";"";0;"";"";"";""
343;3092341942386688;"BBCWorld";3;12;3;"";"";"";"BBC Global News";"BBCWorld";742143;"";"";"";""
346;3092393368748033;"http://nyti.ms/cF6hmK";42;63;2;"http://nyti.ms/cF6hmK";"http://lens.blogs.nytimes.com/2010/11/12/timeless-stories-in-1970s-new-york/";"http://nyti.ms/cF6hmK";"";"";0;"";"";"";""
347;3092393368748033;"nytimes";3;11;3;"";"";"";"The New York Times";"nytimes";807095;"";"";"";""
348;3092393368748033;"photos";64;71;4;"";"";"";"";"";0;"";"";"";""
352;3092481440743424;"http://on.cnn.com/bNfVyv";63;87;2;"http://on.cnn.com/bNfVyv";"http://www.cnn.com/2010/WORLD/asiapcf/11/12/indonesia.volcano/index.html";"http://on.cnn.com/bNfVyv";"";"";0;"";"";"";""
353;3092481440743424;"cnnbrk";3;10;3;"";"";"";"CNN Breaking News";"cnnbrk";428333;"";"";"";""
354;3092481440743424;"Indonesia";28;38;4;"";"";"";"";"";0;"";"";"";""
355;3092481440743424;"volcano";39;47;4;"";"";"";"";"";0;"";"";"";""
359;3092717596844032;"http://on.cnn.com/bNfVyv";63;87;2;"http://on.cnn.com/bNfVyv";"http://www.cnn.com/2010/WORLD/asiapcf/11/12/indonesia.volcano/index.html";"http://on.cnn.com/bNfVyv";"";"";0;"";"";"";""
360;3092717596844032;"cnnbrk";3;10;3;"";"";"";"CNN Breaking News";"cnnbrk";428333;"";"";"";""
361;3092717596844032;"Indonesia";28;38;4;"";"";"";"";"";0;"";"";"";""
362;3092717596844032;"volcano";39;47;4;"";"";"";"";"";0;"";"";"";""
366;3092758357086208;"http://on.cnn.com/bNfVyv";63;87;2;"http://on.cnn.com/bNfVyv";"http://www.cnn.com/2010/WORLD/asiapcf/11/12/indonesia.volcano/index.html";"http://on.cnn.com/bNfVyv";"";"";0;"";"";"";""
367;3092758357086208;"cnnbrk";3;10;3;"";"";"";"CNN Breaking News";"cnnbrk";428333;"";"";"";""
368;3092758357086208;"Indonesia";28;38;4;"";"";"";"";"";0;"";"";"";""
369;3092758357086208;"volcano";39;47;4;"";"";"";"";"";0;"";"";"";""
370;3090991347138560;"http://nyti.ms/9U7SKJ";62;83;2;"http://nyti.ms/9U7SKJ";"http://artsbeat.blogs.nytimes.com/2010/11/12/kanye-west-says-he-wont-perform-concert-on-today/?src=twt&twt=nytimestv";"http://nyti.ms/9U7SKJ";"";"";0;"";"";"";""
371;3093008308240385;"http://nyti.ms/9U7SKJ";77;98;2;"http://nyti.ms/9U7SKJ";"http://artsbeat.blogs.nytimes.com/2010/11/12/kanye-west-says-he-wont-perform-concert-on-today/?src=twt&twt=nytimestv";"http://nyti.ms/9U7SKJ";"";"";0;"";"";"";""
372;3093008308240385;"nytimestv";3;13;3;"";"";"";"NYTimes TV";"nytimestv";16929216;"";"";"";""
375;3093097294598144;"http://nyti.ms/cF6hmK";42;63;2;"http://nyti.ms/cF6hmK";"http://lens.blogs.nytimes.com/2010/11/12/timeless-stories-in-1970s-new-york/";"http://nyti.ms/cF6hmK";"";"";0;"";"";"";""
376;3093097294598144;"nytimes";3;11;3;"";"";"";"The New York Times";"nytimes";807095;"";"";"";""
377;3093097294598144;"photos";64;71;4;"";"";"";"";"";0;"";"";"";""
378;3092203274506241;"http://bbc.in/bAqehp";34;54;2;"http://bbc.in/bAqehp";"http://www.bbc.co.uk/news/uk-11742056?utm_source=twitterfeed&utm_medium=twitter";"http://bbc.in/bAqehp";"";"";0;"";"";"";""
379;3093109999144960;"http://bbc.in/bAqehp";48;68;2;"http://bbc.in/bAqehp";"http://www.bbc.co.uk/news/uk-11742056?utm_source=twitterfeed&utm_medium=twitter";"http://bbc.in/bAqehp";"";"";0;"";"";"";""
380;3093109999144960;"BBCWorld";3;12;3;"";"";"";"BBC Global News";"BBCWorld";742143;"";"";"";""
381;3093004088778752;"http://nyti.ms/a7xN0I";39;60;2;"http://nyti.ms/a7xN0I";"http://www.nytimes.com/aponline/2010/11/12/world/europe/AP-EU-Poland-Obit-Gorecki.html?src=twt&twt=nytimes";"http://nyti.ms/a7xN0I";"";"";0;"";"";"";""
382;3093203230138369;"http://nyti.ms/a7xN0I";52;73;2;"http://nyti.ms/a7xN0I";"http://www.nytimes.com/aponline/2010/11/12/world/europe/AP-EU-Poland-Obit-Gorecki.html?src=twt&twt=nytimes";"http://nyti.ms/a7xN0I";"";"";0;"";"";"";""
383;3093203230138369;"nytimes";3;11;3;"";"";"";"The New York Times";"nytimes";807095;"";"";"";""
385;3093259563835392;"http://nyti.ms/a7xN0I";52;73;2;"http://nyti.ms/a7xN0I";"http://www.nytimes.com/aponline/2010/11/12/world/europe/AP-EU-Poland-Obit-Gorecki.html?src=twt&twt=nytimes";"http://nyti.ms/a7xN0I";"";"";0;"";"";"";""
386;3093259563835392;"nytimes";3;11;3;"";"";"";"The New York Times";"nytimes";807095;"";"";"";""
388;3093286449319936;"http://nyti.ms/a7xN0I";52;73;2;"http://nyti.ms/a7xN0I";"http://www.nytimes.com/aponline/2010/11/12/world/europe/AP-EU-Poland-Obit-Gorecki.html?src=twt&twt=nytimes";"http://nyti.ms/a7xN0I";"";"";0;"";"";"";""
389;3093286449319936;"nytimes";3;11;3;"";"";"";"The New York Times";"nytimes";807095;"";"";"";""
392;3093329961029632;"http://nyti.ms/cF6hmK";47;68;2;"http://nyti.ms/cF6hmK";"http://lens.blogs.nytimes.com/2010/11/12/timeless-stories-in-1970s-new-york/";"http://nyti.ms/cF6hmK";"";"";0;"";"";"";""
