Id,Text,CreationTimestamp,UserId,ModificationTimestamp
1,apple microsoft samsung sony computer monitor digital dell keyboard mouse http://A,12/1/2010 0:00,1,12/1/2010 0:00
2,apple microsoft samsung sony computer monitor digital dell keyboard mouse,12/1/2010 0:00,1,12/1/2010 0:00
3,apple microsoft samsung sony computer monitor digital dell keyboard mouse,12/1/2010 0:00,1,12/1/2010 0:00
4,apple microsoft samsung sony computer monitor digital dell keyboard mouse,12/1/2010 0:00,2,12/1/2010 0:00
5,apple microsoft samsung sony computer monitor digital dell keyboard mouse,12/1/2010 0:00,2,12/1/2010 0:00
6,apple microsoft samsung sony computer monitor digital dell keyboard mouse,12/1/2010 0:00,2,12/1/2010 0:00
7,apple microsoft samsung sony computer monitor digital dell keyboard mouse,12/1/2010 0:00,3,12/1/2010 0:00
8,apple microsoft samsung sony computer monitor digital dell keyboard mouse,12/1/2010 0:00,3,12/1/2010 0:00
9,apple microsoft samsung sony computer monitor digital dell keyboard mouse,12/1/2010 0:00,3,12/1/2010 0:00
10,apple microsoft samsung sony computer monitor digital dell keyboard mouse,12/1/2010 0:00,4,12/1/2010 0:00
11,apple microsoft samsung sony computer monitor digital dell keyboard mouse,12/1/2010 0:00,4,12/1/2010 0:00
12,apple microsoft samsung sony computer monitor digital dell keyboard mouse,12/1/2010 0:00,4,12/1/2010 0:00
13,apple microsoft samsung sony computer monitor digital dell keyboard mouse,12/1/2010 0:00,5,12/1/2010 0:00
14,apple microsoft samsung sony computer monitor digital dell keyboard mouse,12/1/2010 0:00,5,12/1/2010 0:00
15,apple microsoft samsung sony computer monitor digital dell keyboard mouse,12/1/2010 0:00,5,12/1/2010 0:00
16,apple microsoft samsung sony computer monitor digital dell keyboard mouse,12/1/2010 0:00,6,12/1/2010 0:00
17,apple microsoft samsung sony computer monitor digital dell keyboard mouse,12/1/2010 0:00,6,12/1/2010 0:00
18,apple microsoft samsung sony computer monitor digital dell keyboard mouse,12/1/2010 0:00,6,12/1/2010 0:00
19,apple microsoft samsung sony computer monitor digital dell keyboard mouse,12/1/2010 0:00,7,12/1/2010 0:00
20,apple microsoft samsung sony computer monitor digital dell keyboard mouse,12/1/2010 0:00,7,12/1/2010 0:00
21,apple microsoft samsung sony computer monitor digital dell keyboard mouse,12/1/2010 0:00,7,12/1/2010 0:00
22,apple microsoft samsung sony computer monitor digital dell keyboard mouse,12/1/2010 0:00,8,12/1/2010 0:00
23,apple microsoft samsung sony computer monitor digital dell keyboard mouse,12/1/2010 0:00,8,12/1/2010 0:00
24,apple microsoft samsung sony computer monitor digital dell keyboard mouse,12/1/2010 0:00,8,12/1/2010 0:00
25,apple microsoft samsung sony computer monitor digital dell keyboard mouse http://B,12/1/2010 0:00,9,12/1/2010 0:00
26,apple microsoft samsung sony computer monitor digital dell keyboard mouse,12/1/2010 0:00,9,12/1/2010 0:00
27,apple microsoft samsung sony computer monitor digital dell keyboard mouse,12/1/2010 0:00,9,12/1/2010 0:00
28,apple microsoft samsung sony computer monitor digital dell keyboard mouse,12/1/2010 0:00,10,12/1/2010 0:00
29,apple microsoft samsung sony computer monitor digital dell keyboard mouse,12/1/2010 0:00,10,12/1/2010 0:00
30,apple microsoft samsung sony computer monitor digital dell keyboard mouse,12/1/2010 0:00,10,12/1/2010 0:00
31,apple microsoft samsung sony computer monitor digital dell keyboard mouse,12/1/2010 0:00,11,12/1/2010 0:00
32,apple microsoft samsung sony computer monitor digital dell keyboard mouse,12/1/2010 0:00,11,12/1/2010 0:00
33,apple microsoft samsung sony computer monitor digital dell keyboard mouse,12/1/2010 0:00,11,12/1/2010 0:00
34,apple microsoft samsung sony computer monitor digital dell keyboard mouse,12/1/2010 0:00,12,12/1/2010 0:00
35,apple microsoft samsung sony computer monitor digital dell keyboard mouse,12/1/2010 0:00,12,12/1/2010 0:00
36,apple microsoft samsung sony computer monitor digital dell keyboard mouse,12/1/2010 0:00,12,12/1/2010 0:00
37,apple microsoft samsung sony computer monitor digital dell keyboard mouse,12/1/2010 0:00,13,12/1/2010 0:00
38,apple microsoft samsung sony computer monitor digital dell keyboard mouse,12/1/2010 0:00,13,12/1/2010 0:00
39,apple microsoft samsung sony computer monitor digital dell keyboard mouse,12/1/2010 0:00,13,12/1/2010 0:00
40,apple microsoft samsung sony computer monitor digital dell keyboard mouse,12/1/2010 0:00,14,12/1/2010 0:00
41,apple microsoft samsung sony computer monitor digital dell keyboard mouse,12/1/2010 0:00,14,12/1/2010 0:00
42,apple microsoft samsung sony computer monitor digital dell keyboard mouse,12/1/2010 0:00,14,12/1/2010 0:00
43,apple microsoft samsung sony computer monitor digital dell keyboard mouse,12/1/2010 0:00,15,12/1/2010 0:00
44,apple microsoft samsung sony computer monitor digital dell keyboard mouse,12/1/2010 0:00,15,12/1/2010 0:00
45,apple microsoft samsung sony computer monitor digital dell keyboard mouse,12/1/2010 0:00,15,12/1/2010 0:00
46,apple microsoft samsung sony computer monitor digital dell keyboard mouse,12/1/2010 0:00,16,12/1/2010 0:00
47,apple microsoft samsung sony computer monitor digital dell keyboard mouse,12/1/2010 0:00,16,12/1/2010 0:00
48,apple microsoft samsung sony computer monitor digital dell keyboard mouse,12/1/2010 0:00,16,12/1/2010 0:00
49,apple microsoft samsung sony computer monitor digital dell keyboard mouse,12/1/2010 0:00,17,12/1/2010 0:00
50,apple microsoft samsung sony computer monitor digital dell keyboard mouse http://C,12/1/2010 0:00,17,12/1/2010 0:00
51,apple microsoft samsung sony computer monitor digital dell keyboard mouse,12/1/2010 0:00,17,12/1/2010 0:00
52,apple microsoft samsung sony computer monitor digital dell keyboard mouse,12/1/2010 0:00,18,12/1/2010 0:00
53,apple microsoft samsung sony computer monitor digital dell keyboard mouse,12/1/2010 0:00,18,12/1/2010 0:00
54,apple microsoft samsung sony computer monitor digital dell keyboard mouse,12/1/2010 0:00,18,12/1/2010 0:00
55,apple microsoft samsung sony computer monitor digital dell keyboard mouse,12/1/2010 0:00,19,12/1/2010 0:00
56,apple microsoft samsung sony computer monitor digital dell keyboard mouse,12/1/2010 0:00,19,12/1/2010 0:00
57,apple microsoft samsung sony computer monitor digital dell keyboard mouse,12/1/2010 0:00,19,12/1/2010 0:00
58,apple microsoft samsung sony computer monitor digital dell keyboard mouse,12/1/2010 0:00,20,12/1/2010 0:00
59,apple microsoft samsung sony computer monitor digital dell keyboard mouse,12/1/2010 0:00,20,12/1/2010 0:00
60,apple microsoft samsung sony computer monitor digital dell keyboard mouse,12/1/2010 0:00,20,12/1/2010 0:00
61,football volleyball basketball baseball swimming hiking biking running climbing boxing,12/1/2010 0:00,21,12/1/2010 0:00
62,football volleyball basketball baseball swimming hiking biking running climbing boxing climbing boxing,12/1/2010 0:00,21,12/1/2010 0:00
63,football volleyball basketball baseball swimming hiking biking running climbing boxing,12/1/2010 0:00,21,12/1/2010 0:00
64,football volleyball basketball baseball swimming hiking biking running climbing boxing,12/1/2010 0:00,22,12/1/2010 0:00
65,football volleyball basketball baseball swimming hiking biking running climbing boxing,12/1/2010 0:00,22,12/1/2010 0:00
66,football volleyball basketball baseball swimming hiking biking running climbing boxing,12/1/2010 0:00,22,12/1/2010 0:00
67,football volleyball basketball baseball swimming hiking biking running climbing boxing,12/1/2010 0:00,23,12/1/2010 0:00
68,football volleyball basketball baseball swimming hiking biking running climbing boxing,12/1/2010 0:00,23,12/1/2010 0:00
69,football volleyball basketball baseball swimming hiking biking running climbing boxing,12/1/2010 0:00,23,12/1/2010 0:00
70,football volleyball basketball baseball swimming hiking biking running climbing boxing,12/1/2010 0:00,24,12/1/2010 0:00
71,football volleyball basketball baseball swimming hiking biking running climbing boxing,12/1/2010 0:00,24,12/1/2010 0:00
72,football volleyball basketball baseball swimming hiking biking running climbing boxing climbing boxing,12/1/2010 0:00,24,12/1/2010 0:00
73,football volleyball basketball baseball swimming hiking biking running climbing boxing,12/1/2010 0:00,25,12/1/2010 0:00
74,football volleyball basketball baseball swimming hiking biking running climbing boxing,12/1/2010 0:00,25,12/1/2010 0:00
75,football volleyball basketball baseball swimming hiking biking running climbing boxing http://D,12/1/2010 0:00,25,12/1/2010 0:00
76,football volleyball basketball baseball swimming hiking biking running climbing boxing,12/1/2010 0:00,26,12/1/2010 0:00
77,football volleyball basketball baseball swimming hiking biking running climbing boxing,12/1/2010 0:00,26,12/1/2010 0:00
78,football volleyball basketball baseball swimming hiking biking running climbing boxing,12/1/2010 0:00,26,12/1/2010 0:00
79,football volleyball basketball baseball swimming hiking biking running climbing boxing,12/1/2010 0:00,27,12/1/2010 0:00
80,football volleyball basketball baseball swimming hiking biking running climbing boxing,12/1/2010 0:00,27,12/1/2010 0:00
81,football volleyball basketball baseball swimming hiking biking running climbing boxing,12/1/2010 0:00,27,12/1/2010 0:00
82,football volleyball basketball baseball swimming hiking biking running climbing boxing climbing boxing,12/1/2010 0:00,28,12/1/2010 0:00
83,football volleyball basketball baseball swimming hiking biking running climbing boxing,12/1/2010 0:00,28,12/1/2010 0:00
84,football volleyball basketball baseball swimming hiking biking running climbing boxing,12/1/2010 0:00,28,12/1/2010 0:00
85,football volleyball basketball baseball swimming hiking biking running climbing boxing,12/1/2010 0:00,29,12/1/2010 0:00
86,football volleyball basketball baseball swimming hiking biking running climbing boxing,12/1/2010 0:00,29,12/1/2010 0:00
87,football volleyball basketball baseball swimming hiking biking running climbing boxing,12/1/2010 0:00,29,12/1/2010 0:00
88,football volleyball basketball baseball swimming hiking biking running climbing boxing,12/1/2010 0:00,30,12/1/2010 0:00
89,football volleyball basketball baseball swimming hiking biking running climbing boxing,12/1/2010 0:00,30,12/1/2010 0:00
90,football volleyball basketball baseball swimming hiking biking running climbing boxing,12/1/2010 0:00,30,12/1/2010 0:00
91,football volleyball basketball baseball swimming hiking biking running climbing boxing,12/1/2010 0:00,31,12/1/2010 0:00
92,football volleyball basketball baseball swimming hiking biking running climbing boxing climbing boxing,12/1/2010 0:00,31,12/1/2010 0:00
93,football volleyball basketball baseball swimming hiking biking running climbing boxing,12/1/2010 0:00,31,12/1/2010 0:00
94,football volleyball basketball baseball swimming hiking biking running climbing boxing,12/1/2010 0:00,32,12/1/2010 0:00
95,football volleyball basketball baseball swimming hiking biking running climbing boxing,12/1/2010 0:00,32,12/1/2010 0:00
96,football volleyball basketball baseball swimming hiking biking running climbing boxing,12/1/2010 0:00,32,12/1/2010 0:00
97,football volleyball basketball baseball swimming hiking biking running climbing boxing,12/1/2010 0:00,33,12/1/2010 0:00
98,football volleyball basketball baseball swimming hiking biking running climbing boxing,12/1/2010 0:00,33,12/1/2010 0:00
99,football volleyball basketball baseball swimming hiking biking running climbing boxing,12/1/2010 0:00,33,12/1/2010 0:00
100,football volleyball basketball baseball swimming hiking biking running climbing boxing http://E,12/1/2010 0:00,34,12/1/2010 0:00
101,football volleyball basketball baseball swimming hiking biking running climbing boxing,12/1/2010 0:00,34,12/1/2010 0:00
102,football volleyball basketball baseball swimming hiking biking running climbing boxing climbing boxing,12/1/2010 0:00,34,12/1/2010 0:00
103,football volleyball basketball baseball swimming hiking biking running climbing boxing,12/1/2010 0:00,35,12/1/2010 0:00
104,football volleyball basketball baseball swimming hiking biking running climbing boxing,12/1/2010 0:00,35,12/1/2010 0:00
105,football volleyball basketball baseball swimming hiking biking running climbing boxing,12/1/2010 0:00,35,12/1/2010 0:00
106,football volleyball basketball baseball swimming hiking biking running climbing boxing,12/1/2010 0:00,36,12/1/2010 0:00
107,football volleyball basketball baseball swimming hiking biking running climbing boxing,12/1/2010 0:00,36,12/1/2010 0:00
108,football volleyball basketball baseball swimming hiking biking running climbing boxing,12/1/2010 0:00,36,12/1/2010 0:00
109,football volleyball basketball baseball swimming hiking biking running climbing boxing,12/1/2010 0:00,37,12/1/2010 0:00
110,football volleyball basketball baseball swimming hiking biking running climbing boxing,12/1/2010 0:00,37,12/1/2010 0:00
111,football volleyball basketball baseball swimming hiking biking running climbing boxing,12/1/2010 0:00,37,12/1/2010 0:00
112,football volleyball basketball baseball swimming hiking biking running climbing boxing climbing boxing,12/1/2010 0:00,38,12/1/2010 0:00
113,football volleyball basketball baseball swimming hiking biking running climbing boxing,12/1/2010 0:00,38,12/1/2010 0:00
114,football volleyball basketball baseball swimming hiking biking running climbing boxing,12/1/2010 0:00,38,12/1/2010 0:00
115,football volleyball basketball baseball swimming hiking biking running climbing boxing,12/1/2010 0:00,39,12/1/2010 0:00
116,football volleyball basketball baseball swimming hiking biking running climbing boxing,12/1/2010 0:00,39,12/1/2010 0:00
117,football volleyball basketball baseball swimming hiking biking running climbing boxing,12/1/2010 0:00,39,12/1/2010 0:00
118,football volleyball basketball baseball swimming hiking biking running climbing boxing,12/1/2010 0:00,40,12/1/2010 0:00
119,football volleyball basketball baseball swimming hiking biking running climbing boxing,12/1/2010 0:00,40,12/1/2010 0:00
120,football volleyball basketball baseball swimming hiking biking running climbing boxing,12/1/2010 0:00,40,12/1/2010 0:00
121,whatsapp instagram twitter tiktok facebook linkedin snapchat discord skype zoom,12/1/2010 0:00,41,12/1/2010 0:00
122,whatsapp instagram twitter tiktok facebook linkedin snapchat discord skype zoom,12/1/2010 0:00,41,12/2/2010 0:00
123,whatsapp instagram twitter tiktok facebook linkedin snapchat discord skype zoom,12/1/2010 0:00,41,12/3/2010 0:00
124,whatsapp instagram twitter tiktok facebook linkedin snapchat discord skype zoom,12/1/2010 0:00,42,12/4/2010 0:00
125,whatsapp instagram twitter tiktok facebook linkedin snapchat discord skype zoom http://F,12/1/2010 0:00,42,12/5/2010 0:00
126,whatsapp instagram twitter tiktok facebook linkedin snapchat discord skype zoom,12/1/2010 0:00,42,12/6/2010 0:00
127,whatsapp instagram twitter tiktok facebook linkedin snapchat discord skype zoom,12/1/2010 0:00,43,12/7/2010 0:00
128,whatsapp instagram twitter tiktok facebook linkedin snapchat discord skype zoom,12/1/2010 0:00,43,12/8/2010 0:00
129,whatsapp instagram twitter tiktok facebook linkedin snapchat discord skype zoom,12/1/2010 0:00,43,12/9/2010 0:00
130,whatsapp instagram twitter tiktok facebook linkedin snapchat discord skype zoom,12/1/2010 0:00,44,12/10/2010 0:00
131,whatsapp instagram twitter tiktok facebook linkedin snapchat discord skype zoom,12/1/2010 0:00,44,12/11/2010 0:00
132,whatsapp instagram twitter tiktok facebook linkedin snapchat discord skype zoom,12/1/2010 0:00,44,12/12/2010 0:00
133,whatsapp instagram twitter tiktok facebook linkedin snapchat discord skype zoom,12/1/2010 0:00,45,12/13/2010 0:00
134,whatsapp instagram twitter tiktok facebook linkedin snapchat discord skype zoom,12/1/2010 0:00,45,12/14/2010 0:00
135,whatsapp instagram twitter tiktok facebook linkedin snapchat discord skype zoom,12/1/2010 0:00,45,12/15/2010 0:00
136,whatsapp instagram twitter tiktok facebook linkedin snapchat discord skype zoom,12/1/2010 0:00,46,12/16/2010 0:00
137,whatsapp instagram twitter tiktok facebook linkedin snapchat discord skype zoom,12/1/2010 0:00,46,12/17/2010 0:00
138,whatsapp instagram twitter tiktok facebook linkedin snapchat discord skype zoom,12/1/2010 0:00,46,12/18/2010 0:00
139,whatsapp instagram twitter tiktok facebook linkedin snapchat discord skype zoom,12/1/2010 0:00,47,12/19/2010 0:00
140,whatsapp instagram twitter tiktok facebook linkedin snapchat discord skype zoom,12/1/2010 0:00,47,12/20/2010 0:00
141,whatsapp instagram twitter tiktok facebook linkedin snapchat discord skype zoom,12/1/2010 0:00,47,12/21/2010 0:00
142,whatsapp instagram twitter tiktok facebook linkedin snapchat discord skype zoom,12/1/2010 0:00,48,12/22/2010 0:00
143,whatsapp instagram twitter tiktok facebook linkedin snapchat discord skype zoom,12/1/2010 0:00,48,12/23/2010 0:00
144,whatsapp instagram twitter tiktok facebook linkedin snapchat discord skype zoom,12/1/2010 0:00,48,12/24/2010 0:00
145,whatsapp instagram twitter tiktok facebook linkedin snapchat discord skype zoom,12/1/2010 0:00,49,12/25/2010 0:00
146,whatsapp instagram twitter tiktok facebook linkedin snapchat discord skype zoom,12/1/2010 0:00,49,12/26/2010 0:00
147,whatsapp instagram twitter tiktok facebook linkedin snapchat discord skype zoom,12/1/2010 0:00,49,12/27/2010 0:00
148,whatsapp instagram twitter tiktok facebook linkedin snapchat discord skype zoom,12/1/2010 0:00,50,12/28/2010 0:00
149,whatsapp instagram twitter tiktok facebook linkedin snapchat discord skype zoom,12/1/2010 0:00,50,12/29/2010 0:00
150,whatsapp instagram twitter tiktok facebook linkedin snapchat discord skype zoom http://G,12/1/2010 0:00,50,12/30/2010 0:00
151,whatsapp instagram twitter tiktok facebook linkedin snapchat discord skype zoom,12/1/2010 0:00,51,12/31/2010 0:00
152,whatsapp instagram twitter tiktok facebook linkedin snapchat discord skype zoom,12/1/2010 0:00,51,1/1/2011 0:00
153,whatsapp instagram twitter tiktok facebook linkedin snapchat discord skype zoom,12/1/2010 0:00,51,1/2/2011 0:00
154,whatsapp instagram twitter tiktok facebook linkedin snapchat discord skype zoom,12/1/2010 0:00,52,1/3/2011 0:00
155,whatsapp instagram twitter tiktok facebook linkedin snapchat discord skype zoom,12/1/2010 0:00,52,1/4/2011 0:00
156,whatsapp instagram twitter tiktok facebook linkedin snapchat discord skype zoom,12/1/2010 0:00,52,1/5/2011 0:00
157,whatsapp instagram twitter tiktok facebook linkedin snapchat discord skype zoom,12/1/2010 0:00,53,1/6/2011 0:00
158,whatsapp instagram twitter tiktok facebook linkedin snapchat discord skype zoom,12/1/2010 0:00,53,1/7/2011 0:00
159,whatsapp instagram twitter tiktok facebook linkedin snapchat discord skype zoom,12/1/2010 0:00,53,1/8/2011 0:00
160,whatsapp instagram twitter tiktok facebook linkedin snapchat discord skype zoom,12/1/2010 0:00,54,1/9/2011 0:00
161,whatsapp instagram twitter tiktok facebook linkedin snapchat discord skype zoom,12/1/2010 0:00,54,1/10/2011 0:00
162,whatsapp instagram twitter tiktok facebook linkedin snapchat discord skype zoom,12/1/2010 0:00,54,1/11/2011 0:00
163,whatsapp instagram twitter tiktok facebook linkedin snapchat discord skype zoom,12/1/2010 0:00,55,1/12/2011 0:00
164,whatsapp instagram twitter tiktok facebook linkedin snapchat discord skype zoom,12/1/2010 0:00,55,1/13/2011 0:00
165,whatsapp instagram twitter tiktok facebook linkedin snapchat discord skype zoom,12/1/2010 0:00,55,1/14/2011 0:00
166,whatsapp instagram twitter tiktok facebook linkedin snapchat discord skype zoom,12/1/2010 0:00,56,1/15/2011 0:00
167,whatsapp instagram twitter tiktok facebook linkedin snapchat discord skype zoom,12/1/2010 0:00,56,1/16/2011 0:00
168,whatsapp instagram twitter tiktok facebook linkedin snapchat discord skype zoom,12/1/2010 0:00,56,1/17/2011 0:00
169,whatsapp instagram twitter tiktok facebook linkedin snapchat discord skype zoom,12/1/2010 0:00,57,1/18/2011 0:00
170,whatsapp instagram twitter tiktok facebook linkedin snapchat discord skype zoom,12/1/2010 0:00,57,1/19/2011 0:00
171,whatsapp instagram twitter tiktok facebook linkedin snapchat discord skype zoom,12/1/2010 0:00,57,1/20/2011 0:00
172,whatsapp instagram twitter tiktok facebook linkedin snapchat discord skype zoom,12/1/2010 0:00,58,1/21/2011 0:00
173,whatsapp instagram twitter tiktok facebook linkedin snapchat discord skype zoom,12/1/2010 0:00,58,1/22/2011 0:00
174,whatsapp instagram twitter tiktok facebook linkedin snapchat discord skype zoom,12/1/2010 0:00,58,1/23/2011 0:00
175,whatsapp instagram twitter tiktok facebook linkedin snapchat discord skype zoom http://H,12/1/2010 0:00,59,1/24/2011 0:00
176,whatsapp instagram twitter tiktok facebook linkedin snapchat discord skype zoom,12/1/2010 0:00,59,1/25/2011 0:00
177,whatsapp instagram twitter tiktok facebook linkedin snapchat discord skype zoom,12/1/2010 0:00,59,1/26/2011 0:00
178,whatsapp instagram twitter tiktok facebook linkedin snapchat discord skype zoom,12/1/2010 0:00,60,1/27/2011 0:00
179,whatsapp instagram twitter tiktok facebook linkedin snapchat discord skype zoom,12/1/2010 0:00,60,1/28/2011 0:00
180,whatsapp instagram twitter tiktok facebook linkedin snapchat discord skype zoom,12/1/2010 0:00,60,1/29/2011 0:00
181,apple microsoft samsung sony computer monitor digital dell keyboard mouse,12/2/2010 0:00,1,12/2/2010 0:00
182,apple microsoft samsung sony computer monitor digital dell keyboard mouse,12/2/2010 0:00,1,12/2/2010 0:00
183,apple microsoft samsung sony computer monitor digital dell keyboard mouse,12/2/2010 0:00,1,12/2/2010 0:00
184,apple microsoft samsung sony computer monitor digital dell keyboard mouse,12/2/2010 0:00,2,12/2/2010 0:00
185,apple microsoft samsung sony computer monitor digital dell keyboard mouse,12/2/2010 0:00,2,12/2/2010 0:00
186,apple microsoft samsung sony computer monitor digital dell keyboard mouse,12/2/2010 0:00,2,12/2/2010 0:00
187,apple microsoft samsung sony computer monitor digital dell keyboard mouse,12/2/2010 0:00,3,12/2/2010 0:00
188,apple microsoft samsung sony computer monitor digital dell keyboard mouse,12/2/2010 0:00,3,12/2/2010 0:00
189,apple microsoft samsung sony computer monitor digital dell keyboard mouse,12/2/2010 0:00,3,12/2/2010 0:00
190,apple microsoft samsung sony computer monitor digital dell keyboard mouse,12/2/2010 0:00,4,12/2/2010 0:00
191,apple microsoft samsung sony computer monitor digital dell keyboard mouse,12/2/2010 0:00,4,12/2/2010 0:00
192,apple microsoft samsung sony computer monitor digital dell keyboard mouse,12/2/2010 0:00,4,12/2/2010 0:00
193,apple microsoft samsung sony computer monitor digital dell keyboard mouse,12/2/2010 0:00,5,12/2/2010 0:00
194,apple microsoft samsung sony computer monitor digital dell keyboard mouse,12/2/2010 0:00,5,12/2/2010 0:00
195,apple microsoft samsung sony computer monitor digital dell keyboard mouse,12/2/2010 0:00,5,12/2/2010 0:00
196,apple microsoft samsung sony computer monitor digital dell keyboard mouse,12/2/2010 0:00,6,12/2/2010 0:00
197,apple microsoft samsung sony computer monitor digital dell keyboard mouse,12/2/2010 0:00,6,12/2/2010 0:00
198,apple microsoft samsung sony computer monitor digital dell keyboard mouse,12/2/2010 0:00,6,12/2/2010 0:00
199,apple microsoft samsung sony computer monitor digital dell keyboard mouse,12/2/2010 0:00,7,12/2/2010 0:00
200,apple microsoft samsung sony computer monitor digital dell keyboard mouse http://I,12/2/2010 0:00,7,12/2/2010 0:00
201,apple microsoft samsung sony computer monitor digital dell keyboard mouse,12/2/2010 0:00,7,12/2/2010 0:00
202,apple microsoft samsung sony computer monitor digital dell keyboard mouse,12/2/2010 0:00,8,12/2/2010 0:00
203,apple microsoft samsung sony computer monitor digital dell keyboard mouse,12/2/2010 0:00,8,12/2/2010 0:00
204,apple microsoft samsung sony computer monitor digital dell keyboard mouse,12/2/2010 0:00,8,12/2/2010 0:00
205,apple microsoft samsung sony computer monitor digital dell keyboard mouse,12/2/2010 0:00,9,12/2/2010 0:00
206,apple microsoft samsung sony computer monitor digital dell keyboard mouse,12/2/2010 0:00,9,12/2/2010 0:00
207,apple microsoft samsung sony computer monitor digital dell keyboard mouse,12/2/2010 0:00,9,12/2/2010 0:00
208,apple microsoft samsung sony computer monitor digital dell keyboard mouse,12/2/2010 0:00,10,12/2/2010 0:00
209,apple microsoft samsung sony computer monitor digital dell keyboard mouse,12/2/2010 0:00,10,12/2/2010 0:00
210,apple microsoft samsung sony computer monitor digital dell keyboard mouse,12/2/2010 0:00,10,12/2/2010 0:00
211,apple microsoft samsung sony computer monitor digital dell keyboard mouse,12/2/2010 0:00,11,12/2/2010 0:00
212,apple microsoft samsung sony computer monitor digital dell keyboard mouse,12/2/2010 0:00,11,12/2/2010 0:00
213,apple microsoft samsung sony computer monitor digital dell keyboard mouse,12/2/2010 0:00,11,12/2/2010 0:00
214,apple microsoft samsung sony computer monitor digital dell keyboard mouse,12/2/2010 0:00,12,12/2/2010 0:00
215,apple microsoft samsung sony computer monitor digital dell keyboard mouse,12/2/2010 0:00,12,12/2/2010 0:00
216,apple microsoft samsung sony computer monitor digital dell keyboard mouse,12/2/2010 0:00,12,12/2/2010 0:00
217,apple microsoft samsung sony computer monitor digital dell keyboard mouse,12/2/2010 0:00,13,12/2/2010 0:00
218,apple microsoft samsung sony computer monitor digital dell keyboard mouse,12/2/2010 0:00,13,12/2/2010 0:00
219,apple microsoft samsung sony computer monitor digital dell keyboard mouse,12/2/2010 0:00,13,12/2/2010 0:00
220,apple microsoft samsung sony computer monitor digital dell keyboard mouse,12/2/2010 0:00,14,12/2/2010 0:00
221,apple microsoft samsung sony computer monitor digital dell keyboard mouse,12/2/2010 0:00,14,12/2/2010 0:00
222,apple microsoft samsung sony computer monitor digital dell keyboard mouse,12/2/2010 0:00,14,12/2/2010 0:00
223,apple microsoft samsung sony computer monitor digital dell keyboard mouse,12/2/2010 0:00,15,12/2/2010 0:00
224,apple microsoft samsung sony computer monitor digital dell keyboard mouse,12/2/2010 0:00,15,12/2/2010 0:00
225,apple microsoft samsung sony computer monitor digital dell keyboard mouse http://J,12/2/2010 0:00,15,12/2/2010 0:00
226,apple microsoft samsung sony computer monitor digital dell keyboard mouse,12/2/2010 0:00,16,12/2/2010 0:00
227,apple microsoft samsung sony computer monitor digital dell keyboard mouse,12/2/2010 0:00,16,12/2/2010 0:00
228,apple microsoft samsung sony computer monitor digital dell keyboard mouse,12/2/2010 0:00,16,12/2/2010 0:00
229,apple microsoft samsung sony computer monitor digital dell keyboard mouse,12/2/2010 0:00,17,12/2/2010 0:00
230,apple microsoft samsung sony computer monitor digital dell keyboard mouse,12/2/2010 0:00,17,12/2/2010 0:00
231,apple microsoft samsung sony computer monitor digital dell keyboard mouse,12/2/2010 0:00,17,12/2/2010 0:00
232,apple microsoft samsung sony computer monitor digital dell keyboard mouse,12/2/2010 0:00,18,12/2/2010 0:00
233,apple microsoft samsung sony computer monitor digital dell keyboard mouse,12/2/2010 0:00,18,12/2/2010 0:00
234,apple microsoft samsung sony computer monitor digital dell keyboard mouse,12/2/2010 0:00,18,12/2/2010 0:00
235,apple microsoft samsung sony computer monitor digital dell keyboard mouse,12/2/2010 0:00,19,12/2/2010 0:00
236,apple microsoft samsung sony computer monitor digital dell keyboard mouse,12/2/2010 0:00,19,12/2/2010 0:00
237,apple microsoft samsung sony computer monitor digital dell keyboard mouse,12/2/2010 0:00,19,12/2/2010 0:00
238,apple microsoft samsung sony computer monitor digital dell keyboard mouse,12/2/2010 0:00,20,12/2/2010 0:00
239,apple microsoft samsung sony computer monitor digital dell keyboard mouse,12/2/2010 0:00,20,12/2/2010 0:00
240,apple microsoft samsung sony computer monitor digital dell keyboard mouse,12/2/2010 0:00,20,12/2/2010 0:00
241,football volleyball basketball baseball swimming hiking biking running climbing boxing,12/2/2010 0:00,21,12/2/2010 0:00
242,football volleyball basketball baseball swimming hiking biking running climbing boxing,12/2/2010 0:00,21,12/2/2010 0:00
243,football volleyball basketball baseball swimming hiking biking running climbing boxing,12/2/2010 0:00,21,12/2/2010 0:00
244,football volleyball basketball baseball swimming hiking biking running climbing boxing,12/2/2010 0:00,22,12/2/2010 0:00
245,football volleyball basketball baseball swimming hiking biking running climbing boxing,12/2/2010 0:00,22,12/2/2010 0:00
246,football volleyball basketball baseball swimming hiking biking running climbing boxing,12/2/2010 0:00,22,12/2/2010 0:00
247,football volleyball basketball baseball swimming hiking biking running climbing boxing,12/2/2010 0:00,23,12/2/2010 0:00
248,football volleyball basketball baseball swimming hiking biking running climbing boxing,12/2/2010 0:00,23,12/2/2010 0:00
249,football volleyball basketball baseball swimming hiking biking running climbing boxing,12/2/2010 0:00,23,12/2/2010 0:00
250,football volleyball basketball baseball swimming hiking biking running climbing boxing http://K,12/2/2010 0:00,24,12/2/2010 0:00
251,football volleyball basketball baseball swimming hiking biking running climbing boxing,12/2/2010 0:00,24,12/2/2010 0:00
252,football volleyball basketball baseball swimming hiking biking running climbing boxing,12/2/2010 0:00,24,12/2/2010 0:00
253,football volleyball basketball baseball swimming hiking biking running climbing boxing,12/2/2010 0:00,25,12/2/2010 0:00
254,football volleyball basketball baseball swimming hiking biking running climbing boxing,12/2/2010 0:00,25,12/2/2010 0:00
255,football volleyball basketball baseball swimming hiking biking running climbing boxing,12/2/2010 0:00,25,12/2/2010 0:00
256,football volleyball basketball baseball swimming hiking biking running climbing boxing,12/2/2010 0:00,26,12/2/2010 0:00
257,football volleyball basketball baseball swimming hiking biking running climbing boxing,12/2/2010 0:00,26,12/2/2010 0:00
258,football volleyball basketball baseball swimming hiking biking running climbing boxing,12/2/2010 0:00,26,12/2/2010 0:00
259,football volleyball basketball baseball swimming hiking biking running climbing boxing,12/2/2010 0:00,27,12/2/2010 0:00
260,football volleyball basketball baseball swimming hiking biking running climbing boxing,12/2/2010 0:00,27,12/2/2010 0:00
261,football volleyball basketball baseball swimming hiking biking running climbing boxing,12/2/2010 0:00,27,12/2/2010 0:00
262,football volleyball basketball baseball swimming hiking biking running climbing boxing,12/2/2010 0:00,28,12/2/2010 0:00
263,football volleyball basketball baseball swimming hiking biking running climbing boxing,12/2/2010 0:00,28,12/2/2010 0:00
264,football volleyball basketball baseball swimming hiking biking running climbing boxing,12/2/2010 0:00,28,12/2/2010 0:00
265,football volleyball basketball baseball swimming hiking biking running climbing boxing,12/2/2010 0:00,29,12/2/2010 0:00
266,football volleyball basketball baseball swimming hiking biking running climbing boxing,12/2/2010 0:00,29,12/2/2010 0:00
267,football volleyball basketball baseball swimming hiking biking running climbing boxing,12/2/2010 0:00,29,12/2/2010 0:00
268,football volleyball basketball baseball swimming hiking biking running climbing boxing,12/2/2010 0:00,30,12/2/2010 0:00
269,football volleyball basketball baseball swimming hiking biking running climbing boxing,12/2/2010 0:00,30,12/2/2010 0:00
270,football volleyball basketball baseball swimming hiking biking running climbing boxing,12/2/2010 0:00,30,12/2/2010 0:00
271,football volleyball basketball baseball swimming hiking biking running climbing boxing,12/2/2010 0:00,31,12/2/2010 0:00
272,football volleyball basketball baseball swimming hiking biking running climbing boxing,12/2/2010 0:00,31,12/2/2010 0:00
273,football volleyball basketball baseball swimming hiking biking running climbing boxing,12/2/2010 0:00,31,12/2/2010 0:00
274,football volleyball basketball baseball swimming hiking biking running climbing boxing,12/2/2010 0:00,32,12/2/2010 0:00
275,football volleyball basketball baseball swimming hiking biking running climbing boxing http://L,12/2/2010 0:00,32,12/2/2010 0:00
276,football volleyball basketball baseball swimming hiking biking running climbing boxing,12/2/2010 0:00,32,12/2/2010 0:00
277,football volleyball basketball baseball swimming hiking biking running climbing boxing,12/2/2010 0:00,33,12/2/2010 0:00
278,football volleyball basketball baseball swimming hiking biking running climbing boxing,12/2/2010 0:00,33,12/2/2010 0:00
279,football volleyball basketball baseball swimming hiking biking running climbing boxing,12/2/2010 0:00,33,12/2/2010 0:00
280,football volleyball basketball baseball swimming hiking biking running climbing boxing,12/2/2010 0:00,34,12/2/2010 0:00
281,football volleyball basketball baseball swimming hiking biking running climbing boxing,12/2/2010 0:00,34,12/2/2010 0:00
282,football volleyball basketball baseball swimming hiking biking running climbing boxing,12/2/2010 0:00,34,12/2/2010 0:00
283,football volleyball basketball baseball swimming hiking biking running climbing boxing,12/2/2010 0:00,35,12/2/2010 0:00
284,football volleyball basketball baseball swimming hiking biking running climbing boxing,12/2/2010 0:00,35,12/2/2010 0:00
285,football volleyball basketball baseball swimming hiking biking running climbing boxing,12/2/2010 0:00,35,12/2/2010 0:00
286,football volleyball basketball baseball swimming hiking biking running climbing boxing,12/2/2010 0:00,36,12/2/2010 0:00
287,football volleyball basketball baseball swimming hiking biking running climbing boxing,12/2/2010 0:00,36,12/2/2010 0:00
288,football volleyball basketball baseball swimming hiking biking running climbing boxing,12/2/2010 0:00,36,12/2/2010 0:00
289,football volleyball basketball baseball swimming hiking biking running climbing boxing,12/2/2010 0:00,37,12/2/2010 0:00
290,football volleyball basketball baseball swimming hiking biking running climbing boxing,12/2/2010 0:00,37,12/2/2010 0:00
291,football volleyball basketball baseball swimming hiking biking running climbing boxing,12/2/2010 0:00,37,12/2/2010 0:00
292,football volleyball basketball baseball swimming hiking biking running climbing boxing,12/2/2010 0:00,38,12/2/2010 0:00
293,football volleyball basketball baseball swimming hiking biking running climbing boxing,12/2/2010 0:00,38,12/2/2010 0:00
294,football volleyball basketball baseball swimming hiking biking running climbing boxing,12/2/2010 0:00,38,12/2/2010 0:00
295,football volleyball basketball baseball swimming hiking biking running climbing boxing,12/2/2010 0:00,39,12/2/2010 0:00
296,football volleyball basketball baseball swimming hiking biking running climbing boxing,12/2/2010 0:00,39,12/2/2010 0:00
297,football volleyball basketball baseball swimming hiking biking running climbing boxing,12/2/2010 0:00,39,12/2/2010 0:00
298,football volleyball basketball baseball swimming hiking biking running climbing boxing,12/2/2010 0:00,40,12/2/2010 0:00
299,football volleyball basketball baseball swimming hiking biking running climbing boxing,12/2/2010 0:00,40,12/2/2010 0:00
300,football volleyball basketball baseball swimming hiking biking running climbing boxing http://M,12/2/2010 0:00,40,12/2/2010 0:00
301,football volleyball basketball baseball swimming whatsapp instagram twitter tiktok facebook linkedin snapchat discord skype zoom,12/2/2010 0:00,41,12/2/2010 0:00
302,football volleyball basketball baseball swimming whatsapp instagram twitter tiktok facebook linkedin snapchat discord skype zoom,12/2/2010 0:00,41,12/2/2010 0:00
303,football volleyball basketball baseball swimming whatsapp instagram twitter tiktok facebook linkedin snapchat discord skype zoom,12/2/2010 0:00,41,12/2/2010 0:00
304,football volleyball basketball baseball swimming whatsapp instagram twitter tiktok facebook linkedin snapchat discord skype zoom,12/2/2010 0:00,42,12/2/2010 0:00
305,football volleyball basketball baseball swimming whatsapp instagram twitter tiktok facebook linkedin snapchat discord skype zoom,12/2/2010 0:00,42,12/2/2010 0:00
306,football volleyball basketball baseball swimming whatsapp instagram twitter tiktok facebook linkedin snapchat discord skype zoom,12/2/2010 0:00,42,12/2/2010 0:00
307,football volleyball basketball baseball swimming whatsapp instagram twitter tiktok facebook linkedin snapchat discord skype zoom,12/2/2010 0:00,43,12/2/2010 0:00
308,football volleyball basketball baseball swimming whatsapp instagram twitter tiktok facebook linkedin snapchat discord skype zoom,12/2/2010 0:00,43,12/2/2010 0:00
309,football volleyball basketball baseball swimming whatsapp instagram twitter tiktok facebook linkedin snapchat discord skype zoom,12/2/2010 0:00,43,12/2/2010 0:00
310,football volleyball basketball baseball swimming whatsapp instagram twitter tiktok facebook linkedin snapchat discord skype zoom,12/2/2010 0:00,44,12/2/2010 0:00
311,football volleyball basketball baseball swimming whatsapp instagram twitter tiktok facebook linkedin snapchat discord skype zoom,12/2/2010 0:00,44,12/2/2010 0:00
312,football volleyball basketball baseball swimming whatsapp instagram twitter tiktok facebook linkedin snapchat discord skype zoom,12/2/2010 0:00,44,12/2/2010 0:00
313,football volleyball basketball baseball swimming whatsapp instagram twitter tiktok facebook linkedin snapchat discord skype zoom,12/2/2010 0:00,45,12/2/2010 0:00
314,football volleyball basketball baseball swimming whatsapp instagram twitter tiktok facebook linkedin snapchat discord skype zoom,12/2/2010 0:00,45,12/2/2010 0:00
315,football volleyball basketball baseball swimming whatsapp instagram twitter tiktok facebook linkedin snapchat discord skype zoom,12/2/2010 0:00,45,12/2/2010 0:00
316,football volleyball basketball baseball swimming whatsapp instagram twitter tiktok facebook linkedin snapchat discord skype zoom,12/2/2010 0:00,46,12/2/2010 0:00
317,football volleyball basketball baseball swimming whatsapp instagram twitter tiktok facebook linkedin snapchat discord skype zoom,12/2/2010 0:00,46,12/2/2010 0:00
318,football volleyball basketball baseball swimming whatsapp instagram twitter tiktok facebook linkedin snapchat discord skype zoom,12/2/2010 0:00,46,12/2/2010 0:00
319,football volleyball basketball baseball swimming whatsapp instagram twitter tiktok facebook linkedin snapchat discord skype zoom,12/2/2010 0:00,47,12/2/2010 0:00
320,football volleyball basketball baseball swimming whatsapp instagram twitter tiktok facebook linkedin snapchat discord skype zoom,12/2/2010 0:00,47,12/2/2010 0:00
321,football volleyball basketball baseball swimming whatsapp instagram twitter tiktok facebook linkedin snapchat discord skype zoom,12/2/2010 0:00,47,12/2/2010 0:00
322,football volleyball basketball baseball swimming whatsapp instagram twitter tiktok facebook linkedin snapchat discord skype zoom,12/2/2010 0:00,48,12/2/2010 0:00
323,football volleyball basketball baseball swimming whatsapp instagram twitter tiktok facebook linkedin snapchat discord skype zoom,12/2/2010 0:00,48,12/2/2010 0:00
324,football volleyball basketball baseball swimming whatsapp instagram twitter tiktok facebook linkedin snapchat discord skype zoom,12/2/2010 0:00,48,12/2/2010 0:00
325,football volleyball basketball baseball swimming whatsapp instagram twitter tiktok facebook linkedin snapchat discord skype zoom http://N,12/2/2010 0:00,49,12/2/2010 0:00
326,football volleyball basketball baseball swimming whatsapp instagram twitter tiktok facebook linkedin snapchat discord skype zoom,12/2/2010 0:00,49,12/2/2010 0:00
327,football volleyball basketball baseball swimming whatsapp instagram twitter tiktok facebook linkedin snapchat discord skype zoom,12/2/2010 0:00,49,12/2/2010 0:00
328,football volleyball basketball baseball swimming whatsapp instagram twitter tiktok facebook linkedin snapchat discord skype zoom,12/2/2010 0:00,50,12/2/2010 0:00
329,football volleyball basketball baseball swimming whatsapp instagram twitter tiktok facebook linkedin snapchat discord skype zoom,12/2/2010 0:00,50,12/2/2010 0:00
330,football volleyball basketball baseball swimming whatsapp instagram twitter tiktok facebook linkedin snapchat discord skype zoom,12/2/2010 0:00,50,12/2/2010 0:00
331,football volleyball basketball baseball swimming whatsapp instagram twitter tiktok facebook linkedin snapchat discord skype zoom,12/2/2010 0:00,51,12/2/2010 0:00
332,football volleyball basketball baseball swimming whatsapp instagram twitter tiktok facebook linkedin snapchat discord skype zoom,12/2/2010 0:00,51,12/2/2010 0:00
333,football volleyball basketball baseball swimming whatsapp instagram twitter tiktok facebook linkedin snapchat discord skype zoom,12/2/2010 0:00,51,12/2/2010 0:00
334,football volleyball basketball baseball swimming whatsapp instagram twitter tiktok facebook linkedin snapchat discord skype zoom,12/2/2010 0:00,52,12/2/2010 0:00
335,football volleyball basketball baseball swimming whatsapp instagram twitter tiktok facebook linkedin snapchat discord skype zoom,12/2/2010 0:00,52,12/2/2010 0:00
336,football volleyball basketball baseball swimming whatsapp instagram twitter tiktok facebook linkedin snapchat discord skype zoom,12/2/2010 0:00,52,12/2/2010 0:00
337,football volleyball basketball baseball swimming whatsapp instagram twitter tiktok facebook linkedin snapchat discord skype zoom,12/2/2010 0:00,53,12/2/2010 0:00
338,football volleyball basketball baseball swimming whatsapp instagram twitter tiktok facebook linkedin snapchat discord skype zoom,12/2/2010 0:00,53,12/2/2010 0:00
339,football volleyball basketball baseball swimming whatsapp instagram twitter tiktok facebook linkedin snapchat discord skype zoom,12/2/2010 0:00,53,12/2/2010 0:00
340,football volleyball basketball baseball swimming whatsapp instagram twitter tiktok facebook linkedin snapchat discord skype zoom,12/2/2010 0:00,54,12/2/2010 0:00
341,football volleyball basketball baseball swimming whatsapp instagram twitter tiktok facebook linkedin snapchat discord skype zoom,12/2/2010 0:00,54,12/2/2010 0:00
342,football volleyball basketball baseball swimming whatsapp instagram twitter tiktok facebook linkedin snapchat discord skype zoom,12/2/2010 0:00,54,12/2/2010 0:00
343,football volleyball basketball baseball swimming whatsapp instagram twitter tiktok facebook linkedin snapchat discord skype zoom,12/2/2010 0:00,55,12/2/2010 0:00
344,football volleyball basketball baseball swimming whatsapp instagram twitter tiktok facebook linkedin snapchat discord skype zoom,12/2/2010 0:00,55,12/2/2010 0:00
345,football volleyball basketball baseball swimming whatsapp instagram twitter tiktok facebook linkedin snapchat discord skype zoom,12/2/2010 0:00,55,12/2/2010 0:00
346,football volleyball basketball baseball swimming whatsapp instagram twitter tiktok facebook linkedin snapchat discord skype zoom,12/2/2010 0:00,56,12/2/2010 0:00
347,football volleyball basketball baseball swimming whatsapp instagram twitter tiktok facebook linkedin snapchat discord skype zoom,12/2/2010 0:00,56,12/2/2010 0:00
348,football volleyball basketball baseball swimming whatsapp instagram twitter tiktok facebook linkedin snapchat discord skype zoom,12/2/2010 0:00,56,12/2/2010 0:00
349,football volleyball basketball baseball swimming whatsapp instagram twitter tiktok facebook linkedin snapchat discord skype zoom,12/2/2010 0:00,57,12/2/2010 0:00
350,football volleyball basketball baseball swimming whatsapp instagram twitter tiktok facebook linkedin snapchat discord skype zoom http://O,12/2/2010 0:00,57,12/2/2010 0:00
351,football volleyball basketball baseball swimming whatsapp instagram twitter tiktok facebook linkedin snapchat discord skype zoom,12/2/2010 0:00,57,12/2/2010 0:00
352,football volleyball basketball baseball swimming whatsapp instagram twitter tiktok facebook linkedin snapchat discord skype zoom,12/2/2010 0:00,58,12/2/2010 0:00
353,football volleyball basketball baseball swimming whatsapp instagram twitter tiktok facebook linkedin snapchat discord skype zoom,12/2/2010 0:00,58,12/2/2010 0:00
354,football volleyball basketball baseball swimming whatsapp instagram twitter tiktok facebook linkedin snapchat discord skype zoom,12/2/2010 0:00,58,12/2/2010 0:00
355,football volleyball basketball baseball swimming whatsapp instagram twitter tiktok facebook linkedin snapchat discord skype zoom,12/2/2010 0:00,59,12/2/2010 0:00
356,football volleyball basketball baseball swimming whatsapp instagram twitter tiktok facebook linkedin snapchat discord skype zoom,12/2/2010 0:00,59,12/2/2010 0:00
357,football volleyball basketball baseball swimming whatsapp instagram twitter tiktok facebook linkedin snapchat discord skype zoom,12/2/2010 0:00,59,12/2/2010 0:00
358,football volleyball basketball baseball swimming whatsapp instagram twitter tiktok facebook linkedin snapchat discord skype zoom,12/2/2010 0:00,60,12/2/2010 0:00
359,football volleyball basketball baseball swimming whatsapp instagram twitter tiktok facebook linkedin snapchat discord skype zoom,12/2/2010 0:00,60,12/2/2010 0:00
360,football volleyball basketball baseball swimming whatsapp instagram twitter tiktok facebook linkedin snapchat discord skype zoom,12/2/2010 0:00,60,12/2/2010 0:00
361,apple microsoft samsung sony computer monitor digital dell keyboard mouse,12/3/2010 0:00,1,12/3/2010 0:00
362,apple microsoft samsung sony computer monitor digital dell keyboard mouse,12/3/2010 0:00,1,12/3/2010 0:00
363,apple microsoft samsung sony computer monitor digital dell keyboard mouse,12/3/2010 0:00,1,12/3/2010 0:00
364,apple microsoft samsung sony computer monitor digital dell keyboard mouse,12/3/2010 0:00,2,12/3/2010 0:00
365,apple microsoft samsung sony computer monitor digital dell keyboard mouse,12/3/2010 0:00,2,12/3/2010 0:00
366,apple microsoft samsung sony computer monitor digital dell keyboard mouse,12/3/2010 0:00,2,12/3/2010 0:00
367,apple microsoft samsung sony computer monitor digital dell keyboard mouse,12/3/2010 0:00,3,12/3/2010 0:00
368,apple microsoft samsung sony computer monitor digital dell keyboard mouse,12/3/2010 0:00,3,12/3/2010 0:00
369,apple microsoft samsung sony computer monitor digital dell keyboard mouse,12/3/2010 0:00,3,12/3/2010 0:00
370,apple microsoft samsung sony computer monitor digital dell keyboard mouse,12/3/2010 0:00,4,12/3/2010 0:00
371,apple microsoft samsung sony computer monitor digital dell keyboard mouse,12/3/2010 0:00,4,12/3/2010 0:00
372,apple microsoft samsung sony computer monitor digital dell keyboard mouse,12/3/2010 0:00,4,12/3/2010 0:00
373,apple microsoft samsung sony computer monitor digital dell keyboard mouse,12/3/2010 0:00,5,12/3/2010 0:00
374,apple microsoft samsung sony computer monitor digital dell keyboard mouse,12/3/2010 0:00,5,12/3/2010 0:00
375,apple microsoft samsung sony computer monitor digital dell keyboard mouse http://P,12/3/2010 0:00,5,12/3/2010 0:00
376,apple microsoft samsung sony computer monitor digital dell keyboard mouse,12/3/2010 0:00,6,12/3/2010 0:00
377,apple microsoft samsung sony computer monitor digital dell keyboard mouse,12/3/2010 0:00,6,12/3/2010 0:00
378,apple microsoft samsung sony computer monitor digital dell keyboard mouse,12/3/2010 0:00,6,12/3/2010 0:00
379,apple microsoft samsung sony computer monitor digital dell keyboard mouse,12/3/2010 0:00,7,12/3/2010 0:00
380,apple microsoft samsung sony computer monitor digital dell keyboard mouse,12/3/2010 0:00,7,12/3/2010 0:00
381,apple microsoft samsung sony computer monitor digital dell keyboard mouse,12/3/2010 0:00,7,12/3/2010 0:00
382,apple microsoft samsung sony computer monitor digital dell keyboard mouse,12/3/2010 0:00,8,12/3/2010 0:00
383,apple microsoft samsung sony computer monitor digital dell keyboard mouse,12/3/2010 0:00,8,12/3/2010 0:00
384,apple microsoft samsung sony computer monitor digital dell keyboard mouse,12/3/2010 0:00,8,12/3/2010 0:00
385,apple microsoft samsung sony computer monitor digital dell keyboard mouse,12/3/2010 0:00,9,12/3/2010 0:00
386,apple microsoft samsung sony computer monitor digital dell keyboard mouse,12/3/2010 0:00,9,12/3/2010 0:00
387,apple microsoft samsung sony computer monitor digital dell keyboard mouse,12/3/2010 0:00,9,12/3/2010 0:00
388,apple microsoft samsung sony computer monitor digital dell keyboard mouse,12/3/2010 0:00,10,12/3/2010 0:00
389,apple microsoft samsung sony computer monitor digital dell keyboard mouse,12/3/2010 0:00,10,12/3/2010 0:00
390,apple microsoft samsung sony computer monitor digital dell keyboard mouse,12/3/2010 0:00,10,12/3/2010 0:00
391,apple microsoft samsung sony computer monitor digital dell keyboard mouse,12/3/2010 0:00,11,12/3/2010 0:00
392,apple microsoft samsung sony computer monitor digital dell keyboard mouse,12/3/2010 0:00,11,12/3/2010 0:00
393,apple microsoft samsung sony computer monitor digital dell keyboard mouse,12/3/2010 0:00,11,12/3/2010 0:00
394,apple microsoft samsung sony computer monitor digital dell keyboard mouse,12/3/2010 0:00,12,12/3/2010 0:00
395,apple microsoft samsung sony computer monitor digital dell keyboard mouse,12/3/2010 0:00,12,12/3/2010 0:00
396,apple microsoft samsung sony computer monitor digital dell keyboard mouse,12/3/2010 0:00,12,12/3/2010 0:00
397,apple microsoft samsung sony computer monitor digital dell keyboard mouse,12/3/2010 0:00,13,12/3/2010 0:00
398,apple microsoft samsung sony computer monitor digital dell keyboard mouse,12/3/2010 0:00,13,12/3/2010 0:00
399,apple microsoft samsung sony computer monitor digital dell keyboard mouse,12/3/2010 0:00,13,12/3/2010 0:00
400,apple microsoft samsung sony computer monitor digital dell keyboard mouse http://Q,12/3/2010 0:00,14,12/3/2010 0:00
401,apple microsoft samsung sony computer monitor digital dell keyboard mouse,12/3/2010 0:00,14,12/3/2010 0:00
402,apple microsoft samsung sony computer monitor digital dell keyboard mouse,12/3/2010 0:00,14,12/3/2010 0:00
403,apple microsoft samsung sony computer monitor digital dell keyboard mouse,12/3/2010 0:00,15,12/3/2010 0:00
404,apple microsoft samsung sony computer monitor digital dell keyboard mouse,12/3/2010 0:00,15,12/3/2010 0:00
405,apple microsoft samsung sony computer monitor digital dell keyboard mouse,12/3/2010 0:00,15,12/3/2010 0:00
406,apple microsoft samsung sony computer monitor digital dell keyboard mouse,12/3/2010 0:00,16,12/3/2010 0:00
407,apple microsoft samsung sony computer monitor digital dell keyboard mouse,12/3/2010 0:00,16,12/3/2010 0:00
408,apple microsoft samsung sony computer monitor digital dell keyboard mouse,12/3/2010 0:00,16,12/3/2010 0:00
409,apple microsoft samsung sony computer monitor digital dell keyboard mouse,12/3/2010 0:00,17,12/3/2010 0:00
410,apple microsoft samsung sony computer monitor digital dell keyboard mouse,12/3/2010 0:00,17,12/3/2010 0:00
411,apple microsoft samsung sony computer monitor digital dell keyboard mouse,12/3/2010 0:00,17,12/3/2010 0:00
412,apple microsoft samsung sony computer monitor digital dell keyboard mouse,12/3/2010 0:00,18,12/3/2010 0:00
413,apple microsoft samsung sony computer monitor digital dell keyboard mouse,12/3/2010 0:00,18,12/3/2010 0:00
414,apple microsoft samsung sony computer monitor digital dell keyboard mouse,12/3/2010 0:00,18,12/3/2010 0:00
415,apple microsoft samsung sony computer monitor digital dell keyboard mouse,12/3/2010 0:00,19,12/3/2010 0:00
416,apple microsoft samsung sony computer monitor digital dell keyboard mouse,12/3/2010 0:00,19,12/3/2010 0:00
417,apple microsoft samsung sony computer monitor digital dell keyboard mouse,12/3/2010 0:00,19,12/3/2010 0:00
418,apple microsoft samsung sony computer monitor digital dell keyboard mouse,12/3/2010 0:00,20,12/3/2010 0:00
419,apple microsoft samsung sony computer monitor digital dell keyboard mouse,12/3/2010 0:00,20,12/3/2010 0:00
420,apple microsoft samsung sony computer monitor digital dell keyboard mouse,12/3/2010 0:00,20,12/3/2010 0:00
421,football volleyball basketball baseball swimming hiking biking running climbing boxing,12/3/2010 0:00,21,12/3/2010 0:00
422,football volleyball basketball baseball swimming hiking biking running climbing boxing,12/3/2010 0:00,21,12/3/2010 0:00
423,football volleyball basketball baseball swimming hiking biking running climbing boxing,12/3/2010 0:00,21,12/3/2010 0:00
424,football volleyball basketball baseball swimming hiking biking running climbing boxing,12/3/2010 0:00,22,12/3/2010 0:00
425,football volleyball basketball baseball swimming hiking biking running climbing boxing http://R,12/3/2010 0:00,22,12/3/2010 0:00
426,football volleyball basketball baseball swimming hiking biking running climbing boxing,12/3/2010 0:00,22,12/3/2010 0:00
427,football volleyball basketball baseball swimming hiking biking running climbing boxing,12/3/2010 0:00,23,12/3/2010 0:00
428,football volleyball basketball baseball swimming hiking biking running climbing boxing,12/3/2010 0:00,23,12/3/2010 0:00
429,football volleyball basketball baseball swimming hiking biking running climbing boxing,12/3/2010 0:00,23,12/3/2010 0:00
430,football volleyball basketball baseball swimming hiking biking running climbing boxing,12/3/2010 0:00,24,12/3/2010 0:00
431,football volleyball basketball baseball swimming hiking biking running climbing boxing,12/3/2010 0:00,24,12/3/2010 0:00
432,football volleyball basketball baseball swimming hiking biking running climbing boxing,12/3/2010 0:00,24,12/3/2010 0:00
433,football volleyball basketball baseball swimming hiking biking running climbing boxing,12/3/2010 0:00,25,12/3/2010 0:00
434,football volleyball basketball baseball swimming hiking biking running climbing boxing,12/3/2010 0:00,25,12/3/2010 0:00
435,football volleyball basketball baseball swimming hiking biking running climbing boxing,12/3/2010 0:00,25,12/3/2010 0:00
436,football volleyball basketball baseball swimming hiking biking running climbing boxing,12/3/2010 0:00,26,12/3/2010 0:00
437,football volleyball basketball baseball swimming hiking biking running climbing boxing,12/3/2010 0:00,26,12/3/2010 0:00
438,football volleyball basketball baseball swimming hiking biking running climbing boxing,12/3/2010 0:00,26,12/3/2010 0:00
439,football volleyball basketball baseball swimming hiking biking running climbing boxing,12/3/2010 0:00,27,12/3/2010 0:00
440,football volleyball basketball baseball swimming hiking biking running climbing boxing,12/3/2010 0:00,27,12/3/2010 0:00
441,football volleyball basketball baseball swimming hiking biking running climbing boxing,12/3/2010 0:00,27,12/3/2010 0:00
442,football volleyball basketball baseball swimming hiking biking running climbing boxing,12/3/2010 0:00,28,12/3/2010 0:00
443,football volleyball basketball baseball swimming hiking biking running climbing boxing,12/3/2010 0:00,28,12/3/2010 0:00
444,football volleyball basketball baseball swimming hiking biking running climbing boxing,12/3/2010 0:00,28,12/3/2010 0:00
445,football volleyball basketball baseball swimming hiking biking running climbing boxing,12/3/2010 0:00,29,12/3/2010 0:00
446,football volleyball basketball baseball swimming hiking biking running climbing boxing,12/3/2010 0:00,29,12/3/2010 0:00
447,football volleyball basketball baseball swimming hiking biking running climbing boxing,12/3/2010 0:00,29,12/3/2010 0:00
448,football volleyball basketball baseball swimming hiking biking running climbing boxing,12/3/2010 0:00,30,12/3/2010 0:00
449,football volleyball basketball baseball swimming hiking biking running climbing boxing,12/3/2010 0:00,30,12/3/2010 0:00
450,football volleyball basketball baseball swimming hiking biking running climbing boxing http://S,12/3/2010 0:00,30,12/3/2010 0:00
451,football volleyball basketball baseball swimming hiking biking running climbing boxing,12/3/2010 0:00,31,12/3/2010 0:00
452,football volleyball basketball baseball swimming hiking biking running climbing boxing,12/3/2010 0:00,31,12/3/2010 0:00
453,football volleyball basketball baseball swimming hiking biking running climbing boxing,12/3/2010 0:00,31,12/3/2010 0:00
454,football volleyball basketball baseball swimming hiking biking running climbing boxing,12/3/2010 0:00,32,12/3/2010 0:00
455,football volleyball basketball baseball swimming hiking biking running climbing boxing,12/3/2010 0:00,32,12/3/2010 0:00
456,football volleyball basketball baseball swimming hiking biking running climbing boxing,12/3/2010 0:00,32,12/3/2010 0:00
457,football volleyball basketball baseball swimming hiking biking running climbing boxing,12/3/2010 0:00,33,12/3/2010 0:00
458,football volleyball basketball baseball swimming hiking biking running climbing boxing,12/3/2010 0:00,33,12/3/2010 0:00
459,football volleyball basketball baseball swimming hiking biking running climbing boxing,12/3/2010 0:00,33,12/3/2010 0:00
460,football volleyball basketball baseball swimming hiking biking running climbing boxing,12/3/2010 0:00,34,12/3/2010 0:00
461,football volleyball basketball baseball swimming hiking biking running climbing boxing,12/3/2010 0:00,34,12/3/2010 0:00
462,football volleyball basketball baseball swimming hiking biking running climbing boxing,12/3/2010 0:00,34,12/3/2010 0:00
463,football volleyball basketball baseball swimming hiking biking running climbing boxing,12/3/2010 0:00,35,12/3/2010 0:00
464,football volleyball basketball baseball swimming hiking biking running climbing boxing,12/3/2010 0:00,35,12/3/2010 0:00
465,football volleyball basketball baseball swimming hiking biking running climbing boxing,12/3/2010 0:00,35,12/3/2010 0:00
466,football volleyball basketball baseball swimming hiking biking running climbing boxing,12/3/2010 0:00,36,12/3/2010 0:00
467,football volleyball basketball baseball swimming hiking biking running climbing boxing,12/3/2010 0:00,36,12/3/2010 0:00
468,football volleyball basketball baseball swimming hiking biking running climbing boxing,12/3/2010 0:00,36,12/3/2010 0:00
469,football volleyball basketball baseball swimming hiking biking running climbing boxing,12/3/2010 0:00,37,12/3/2010 0:00
470,football volleyball basketball baseball swimming hiking biking running climbing boxing,12/3/2010 0:00,37,12/3/2010 0:00
471,football volleyball basketball baseball swimming hiking biking running climbing boxing,12/3/2010 0:00,37,12/3/2010 0:00
472,football volleyball basketball baseball swimming hiking biking running climbing boxing,12/3/2010 0:00,38,12/3/2010 0:00
473,football volleyball basketball baseball swimming hiking biking running climbing boxing,12/3/2010 0:00,38,12/3/2010 0:00
474,football volleyball basketball baseball swimming hiking biking running climbing boxing,12/3/2010 0:00,38,12/3/2010 0:00
475,football volleyball basketball baseball swimming hiking biking running climbing boxing http://T,12/3/2010 0:00,39,12/3/2010 0:00
476,football volleyball basketball baseball swimming hiking biking running climbing boxing,12/3/2010 0:00,39,12/3/2010 0:00
477,football volleyball basketball baseball swimming hiking biking running climbing boxing,12/3/2010 0:00,39,12/3/2010 0:00
478,football volleyball basketball baseball swimming hiking biking running climbing boxing,12/3/2010 0:00,40,12/3/2010 0:00
479,football volleyball basketball baseball swimming hiking biking running climbing boxing,12/3/2010 0:00,40,12/3/2010 0:00
480,football volleyball basketball baseball swimming hiking biking running climbing boxing,12/3/2010 0:00,40,12/3/2010 0:00
481,football volleyball basketball baseball swimming whatsapp instagram twitter tiktok facebook linkedin snapchat discord skype zoom,12/3/2010 0:00,41,12/3/2010 0:00
482,football volleyball basketball baseball swimming whatsapp instagram twitter tiktok facebook linkedin snapchat discord skype zoom,12/3/2010 0:00,41,12/3/2010 0:00
483,football volleyball basketball baseball swimming whatsapp instagram twitter tiktok facebook linkedin snapchat discord skype zoom,12/3/2010 0:00,41,12/3/2010 0:00
484,football volleyball basketball baseball swimming whatsapp instagram twitter tiktok facebook linkedin snapchat discord skype zoom,12/3/2010 0:00,42,12/3/2010 0:00
485,football volleyball basketball baseball swimming whatsapp instagram twitter tiktok facebook linkedin snapchat discord skype zoom,12/3/2010 0:00,42,12/3/2010 0:00
486,football volleyball basketball baseball swimming whatsapp instagram twitter tiktok facebook linkedin snapchat discord skype zoom,12/3/2010 0:00,42,12/3/2010 0:00
487,football volleyball basketball baseball swimming whatsapp instagram twitter tiktok facebook linkedin snapchat discord skype zoom,12/3/2010 0:00,43,12/3/2010 0:00
488,football volleyball basketball baseball swimming whatsapp instagram twitter tiktok facebook linkedin snapchat discord skype zoom,12/3/2010 0:00,43,12/3/2010 0:00
489,football volleyball basketball baseball swimming whatsapp instagram twitter tiktok facebook linkedin snapchat discord skype zoom,12/3/2010 0:00,43,12/3/2010 0:00
490,football volleyball basketball baseball swimming whatsapp instagram twitter tiktok facebook linkedin snapchat discord skype zoom,12/3/2010 0:00,44,12/3/2010 0:00
491,football volleyball basketball baseball swimming whatsapp instagram twitter tiktok facebook linkedin snapchat discord skype zoom,12/3/2010 0:00,44,12/3/2010 0:00
492,football volleyball basketball baseball swimming whatsapp instagram twitter tiktok facebook linkedin snapchat discord skype zoom,12/3/2010 0:00,44,12/3/2010 0:00
493,football volleyball basketball baseball swimming whatsapp instagram twitter tiktok facebook linkedin snapchat discord skype zoom,12/3/2010 0:00,45,12/3/2010 0:00
494,football volleyball basketball baseball swimming whatsapp instagram twitter tiktok facebook linkedin snapchat discord skype zoom,12/3/2010 0:00,45,12/3/2010 0:00
495,football volleyball basketball baseball swimming whatsapp instagram twitter tiktok facebook linkedin snapchat discord skype zoom,12/3/2010 0:00,45,12/3/2010 0:00
496,football volleyball basketball baseball swimming whatsapp instagram twitter tiktok facebook linkedin snapchat discord skype zoom,12/3/2010 0:00,46,12/3/2010 0:00
497,football volleyball basketball baseball swimming whatsapp instagram twitter tiktok facebook linkedin snapchat discord skype zoom,12/3/2010 0:00,46,12/3/2010 0:00
498,football volleyball basketball baseball swimming whatsapp instagram twitter tiktok facebook linkedin snapchat discord skype zoom,12/3/2010 0:00,46,12/3/2010 0:00
499,football volleyball basketball baseball swimming whatsapp instagram twitter tiktok facebook linkedin snapchat discord skype zoom,12/3/2010 0:00,47,12/3/2010 0:00
500,football volleyball basketball baseball swimming whatsapp instagram twitter tiktok facebook linkedin snapchat discord skype zoom http://U,12/3/2010 0:00,47,12/3/2010 0:00
501,football volleyball basketball baseball swimming whatsapp instagram twitter tiktok facebook linkedin snapchat discord skype zoom,12/3/2010 0:00,47,12/3/2010 0:00
502,football volleyball basketball baseball swimming whatsapp instagram twitter tiktok facebook linkedin snapchat discord skype zoom,12/3/2010 0:00,48,12/3/2010 0:00
503,football volleyball basketball baseball swimming whatsapp instagram twitter tiktok facebook linkedin snapchat discord skype zoom,12/3/2010 0:00,48,12/3/2010 0:00
504,football volleyball basketball baseball swimming whatsapp instagram twitter tiktok facebook linkedin snapchat discord skype zoom,12/3/2010 0:00,48,12/3/2010 0:00
505,football volleyball basketball baseball swimming whatsapp instagram twitter tiktok facebook linkedin snapchat discord skype zoom,12/3/2010 0:00,49,12/3/2010 0:00
506,football volleyball basketball baseball swimming whatsapp instagram twitter tiktok facebook linkedin snapchat discord skype zoom,12/3/2010 0:00,49,12/3/2010 0:00
507,football volleyball basketball baseball swimming whatsapp instagram twitter tiktok facebook linkedin snapchat discord skype zoom,12/3/2010 0:00,49,12/3/2010 0:00
508,football volleyball basketball baseball swimming whatsapp instagram twitter tiktok facebook linkedin snapchat discord skype zoom,12/3/2010 0:00,50,12/3/2010 0:00
509,football volleyball basketball baseball swimming whatsapp instagram twitter tiktok facebook linkedin snapchat discord skype zoom,12/3/2010 0:00,50,12/3/2010 0:00
510,football volleyball basketball baseball swimming whatsapp instagram twitter tiktok facebook linkedin snapchat discord skype zoom,12/3/2010 0:00,50,12/3/2010 0:00
511,football volleyball basketball baseball swimming whatsapp instagram twitter tiktok facebook linkedin snapchat discord skype zoom,12/3/2010 0:00,51,12/3/2010 0:00
512,football volleyball basketball baseball swimming whatsapp instagram twitter tiktok facebook linkedin snapchat discord skype zoom,12/3/2010 0:00,51,12/3/2010 0:00
513,football volleyball basketball baseball swimming whatsapp instagram twitter tiktok facebook linkedin snapchat discord skype zoom,12/3/2010 0:00,51,12/3/2010 0:00
514,football volleyball basketball baseball swimming whatsapp instagram twitter tiktok facebook linkedin snapchat discord skype zoom,12/3/2010 0:00,52,12/3/2010 0:00
515,football volleyball basketball baseball swimming whatsapp instagram twitter tiktok facebook linkedin snapchat discord skype zoom,12/3/2010 0:00,52,12/3/2010 0:00
516,football volleyball basketball baseball swimming whatsapp instagram twitter tiktok facebook linkedin snapchat discord skype zoom,12/3/2010 0:00,52,12/3/2010 0:00
517,football volleyball basketball baseball swimming whatsapp instagram twitter tiktok facebook linkedin snapchat discord skype zoom,12/3/2010 0:00,53,12/3/2010 0:00
518,football volleyball basketball baseball swimming whatsapp instagram twitter tiktok facebook linkedin snapchat discord skype zoom,12/3/2010 0:00,53,12/3/2010 0:00
519,football volleyball basketball baseball swimming whatsapp instagram twitter tiktok facebook linkedin snapchat discord skype zoom,12/3/2010 0:00,53,12/3/2010 0:00
520,football volleyball basketball baseball swimming whatsapp instagram twitter tiktok facebook linkedin snapchat discord skype zoom,12/3/2010 0:00,54,12/3/2010 0:00
521,football volleyball basketball baseball swimming whatsapp instagram twitter tiktok facebook linkedin snapchat discord skype zoom,12/3/2010 0:00,54,12/3/2010 0:00
522,football volleyball basketball baseball swimming whatsapp instagram twitter tiktok facebook linkedin snapchat discord skype zoom,12/3/2010 0:00,54,12/3/2010 0:00
523,football volleyball basketball baseball swimming whatsapp instagram twitter tiktok facebook linkedin snapchat discord skype zoom,12/3/2010 0:00,55,12/3/2010 0:00
524,football volleyball basketball baseball swimming whatsapp instagram twitter tiktok facebook linkedin snapchat discord skype zoom,12/3/2010 0:00,55,12/3/2010 0:00
525,football volleyball basketball baseball swimming whatsapp instagram twitter tiktok facebook linkedin snapchat discord skype zoom http://V,12/3/2010 0:00,55,12/3/2010 0:00
526,football volleyball basketball baseball swimming whatsapp instagram twitter tiktok facebook linkedin snapchat discord skype zoom,12/3/2010 0:00,56,12/3/2010 0:00
527,football volleyball basketball baseball swimming whatsapp instagram twitter tiktok facebook linkedin snapchat discord skype zoom,12/3/2010 0:00,56,12/3/2010 0:00
528,football volleyball basketball baseball swimming whatsapp instagram twitter tiktok facebook linkedin snapchat discord skype zoom,12/3/2010 0:00,56,12/3/2010 0:00
529,football volleyball basketball baseball swimming whatsapp instagram twitter tiktok facebook linkedin snapchat discord skype zoom,12/3/2010 0:00,57,12/3/2010 0:00
530,football volleyball basketball baseball swimming whatsapp instagram twitter tiktok facebook linkedin snapchat discord skype zoom,12/3/2010 0:00,57,12/3/2010 0:00
531,football volleyball basketball baseball swimming whatsapp instagram twitter tiktok facebook linkedin snapchat discord skype zoom,12/3/2010 0:00,57,12/3/2010 0:00
532,football volleyball basketball baseball swimming whatsapp instagram twitter tiktok facebook linkedin snapchat discord skype zoom,12/3/2010 0:00,58,12/3/2010 0:00
533,football volleyball basketball baseball swimming whatsapp instagram twitter tiktok facebook linkedin snapchat discord skype zoom,12/3/2010 0:00,58,12/3/2010 0:00
534,football volleyball basketball baseball swimming whatsapp instagram twitter tiktok facebook linkedin snapchat discord skype zoom,12/3/2010 0:00,58,12/3/2010 0:00
535,football volleyball basketball baseball swimming whatsapp instagram twitter tiktok facebook linkedin snapchat discord skype zoom,12/3/2010 0:00,59,12/3/2010 0:00
536,football volleyball basketball baseball swimming whatsapp instagram twitter tiktok facebook linkedin snapchat discord skype zoom,12/3/2010 0:00,59,12/3/2010 0:00
537,football volleyball basketball baseball swimming whatsapp instagram twitter tiktok facebook linkedin snapchat discord skype zoom,12/3/2010 0:00,59,12/3/2010 0:00
538,football volleyball basketball baseball swimming whatsapp instagram twitter tiktok facebook linkedin snapchat discord skype zoom,12/3/2010 0:00,60,12/3/2010 0:00
539,football volleyball basketball baseball swimming whatsapp instagram twitter tiktok facebook linkedin snapchat discord skype zoom,12/3/2010 0:00,60,12/3/2010 0:00
540,football volleyball basketball baseball swimming whatsapp instagram twitter tiktok facebook linkedin snapchat discord skype zoom,12/3/2010 0:00,60,12/3/2010 0:00
541,apple microsoft samsung sony computer monitor digital dell keyboard mouse,12/4/2010 0:00,1,12/4/2010 0:00
542,apple microsoft samsung sony computer monitor digital dell keyboard mouse,12/4/2010 0:00,1,12/4/2010 0:00
543,apple microsoft samsung sony computer monitor digital dell keyboard mouse,12/4/2010 0:00,1,12/4/2010 0:00
544,apple microsoft samsung sony computer monitor digital dell keyboard mouse,12/4/2010 0:00,2,12/4/2010 0:00
545,apple microsoft samsung sony computer monitor digital dell keyboard mouse,12/4/2010 0:00,2,12/4/2010 0:00
546,apple microsoft samsung sony computer monitor digital dell keyboard mouse,12/4/2010 0:00,2,12/4/2010 0:00
547,apple microsoft samsung sony computer monitor digital dell keyboard mouse,12/4/2010 0:00,3,12/4/2010 0:00
548,apple microsoft samsung sony computer monitor digital dell keyboard mouse,12/4/2010 0:00,3,12/4/2010 0:00
549,apple microsoft samsung sony computer monitor digital dell keyboard mouse,12/4/2010 0:00,3,12/4/2010 0:00
550,apple microsoft samsung sony computer monitor digital dell keyboard mouse http://W,12/4/2010 0:00,4,12/4/2010 0:00
551,apple microsoft samsung sony computer monitor digital dell keyboard mouse,12/4/2010 0:00,4,12/4/2010 0:00
552,apple microsoft samsung sony computer monitor digital dell keyboard mouse,12/4/2010 0:00,4,12/4/2010 0:00
553,apple microsoft samsung sony computer monitor digital dell keyboard mouse,12/4/2010 0:00,5,12/4/2010 0:00
554,apple microsoft samsung sony computer monitor digital dell keyboard mouse,12/4/2010 0:00,5,12/4/2010 0:00
555,apple microsoft samsung sony computer monitor digital dell keyboard mouse,12/4/2010 0:00,5,12/4/2010 0:00
556,apple microsoft samsung sony computer monitor digital dell keyboard mouse,12/4/2010 0:00,6,12/4/2010 0:00
557,apple microsoft samsung sony computer monitor digital dell keyboard mouse,12/4/2010 0:00,6,12/4/2010 0:00
558,apple microsoft samsung sony computer monitor digital dell keyboard mouse,12/4/2010 0:00,6,12/4/2010 0:00
559,apple microsoft samsung sony computer monitor digital dell keyboard mouse,12/4/2010 0:00,7,12/4/2010 0:00
560,apple microsoft samsung sony computer monitor digital dell keyboard mouse,12/4/2010 0:00,7,12/4/2010 0:00
561,apple microsoft samsung sony computer monitor digital dell keyboard mouse,12/4/2010 0:00,7,12/4/2010 0:00
562,apple microsoft samsung sony computer monitor digital dell keyboard mouse,12/4/2010 0:00,8,12/4/2010 0:00
563,apple microsoft samsung sony computer monitor digital dell keyboard mouse,12/4/2010 0:00,8,12/4/2010 0:00
564,apple microsoft samsung sony computer monitor digital dell keyboard mouse,12/4/2010 0:00,8,12/4/2010 0:00
565,apple microsoft samsung sony computer monitor digital dell keyboard mouse,12/4/2010 0:00,9,12/4/2010 0:00
566,apple microsoft samsung sony computer monitor digital dell keyboard mouse,12/4/2010 0:00,9,12/4/2010 0:00
567,apple microsoft samsung sony computer monitor digital dell keyboard mouse,12/4/2010 0:00,9,12/4/2010 0:00
568,apple microsoft samsung sony computer monitor digital dell keyboard mouse,12/4/2010 0:00,10,12/4/2010 0:00
569,apple microsoft samsung sony computer monitor digital dell keyboard mouse,12/4/2010 0:00,10,12/4/2010 0:00
570,apple microsoft samsung sony computer monitor digital dell keyboard mouse,12/4/2010 0:00,10,12/4/2010 0:00
571,apple microsoft samsung sony computer monitor digital dell keyboard mouse,12/4/2010 0:00,11,12/4/2010 0:00
572,apple microsoft samsung sony computer monitor digital dell keyboard mouse,12/4/2010 0:00,11,12/4/2010 0:00
573,apple microsoft samsung sony computer monitor digital dell keyboard mouse,12/4/2010 0:00,11,12/4/2010 0:00
574,apple microsoft samsung sony computer monitor digital dell keyboard mouse,12/4/2010 0:00,12,12/4/2010 0:00
575,apple microsoft samsung sony computer monitor digital dell keyboard mouse http://X,12/4/2010 0:00,12,12/4/2010 0:00
576,apple microsoft samsung sony computer monitor digital dell keyboard mouse,12/4/2010 0:00,12,12/4/2010 0:00
577,apple microsoft samsung sony computer monitor digital dell keyboard mouse,12/4/2010 0:00,13,12/4/2010 0:00
578,apple microsoft samsung sony computer monitor digital dell keyboard mouse,12/4/2010 0:00,13,12/4/2010 0:00
579,apple microsoft samsung sony computer monitor digital dell keyboard mouse,12/4/2010 0:00,13,12/4/2010 0:00
580,apple microsoft samsung sony computer monitor digital dell keyboard mouse,12/4/2010 0:00,14,12/4/2010 0:00
581,apple microsoft samsung sony computer monitor digital dell keyboard mouse,12/4/2010 0:00,14,12/4/2010 0:00
582,apple microsoft samsung sony computer monitor digital dell keyboard mouse,12/4/2010 0:00,14,12/4/2010 0:00
583,apple microsoft samsung sony computer monitor digital dell keyboard mouse,12/4/2010 0:00,15,12/4/2010 0:00
584,apple microsoft samsung sony computer monitor digital dell keyboard mouse,12/4/2010 0:00,15,12/4/2010 0:00
585,apple microsoft samsung sony computer monitor digital dell keyboard mouse,12/4/2010 0:00,15,12/4/2010 0:00
586,apple microsoft samsung sony computer monitor digital dell keyboard mouse,12/4/2010 0:00,16,12/4/2010 0:00
587,apple microsoft samsung sony computer monitor digital dell keyboard mouse,12/4/2010 0:00,16,12/4/2010 0:00
588,apple microsoft samsung sony computer monitor digital dell keyboard mouse,12/4/2010 0:00,16,12/4/2010 0:00
589,apple microsoft samsung sony computer monitor digital dell keyboard mouse,12/4/2010 0:00,17,12/4/2010 0:00
590,apple microsoft samsung sony computer monitor digital dell keyboard mouse,12/4/2010 0:00,17,12/4/2010 0:00
591,apple microsoft samsung sony computer monitor digital dell keyboard mouse,12/4/2010 0:00,17,12/4/2010 0:00
592,apple microsoft samsung sony computer monitor digital dell keyboard mouse,12/4/2010 0:00,18,12/4/2010 0:00
593,apple microsoft samsung sony computer monitor digital dell keyboard mouse,12/4/2010 0:00,18,12/4/2010 0:00
594,apple microsoft samsung sony computer monitor digital dell keyboard mouse,12/4/2010 0:00,18,12/4/2010 0:00
595,apple microsoft samsung sony computer monitor digital dell keyboard mouse,12/4/2010 0:00,19,12/4/2010 0:00
596,apple microsoft samsung sony computer monitor digital dell keyboard mouse,12/4/2010 0:00,19,12/4/2010 0:00
597,apple microsoft samsung sony computer monitor digital dell keyboard mouse,12/4/2010 0:00,19,12/4/2010 0:00
598,apple microsoft samsung sony computer monitor digital dell keyboard mouse,12/4/2010 0:00,20,12/4/2010 0:00
599,apple microsoft samsung sony computer monitor digital dell keyboard mouse,12/4/2010 0:00,20,12/4/2010 0:00
600,apple microsoft samsung sony computer monitor digital dell keyboard mouse http://Y,12/4/2010 0:00,20,12/4/2010 0:00
601,football volleyball basketball baseball swimming hiking biking running climbing boxing,12/4/2010 0:00,21,12/4/2010 0:00
602,football volleyball basketball baseball swimming hiking biking running climbing boxing,12/4/2010 0:00,21,12/4/2010 0:00
603,football volleyball basketball baseball swimming hiking biking running climbing boxing,12/4/2010 0:00,21,12/4/2010 0:00
604,football volleyball basketball baseball swimming hiking biking running climbing boxing,12/4/2010 0:00,22,12/4/2010 0:00
605,football volleyball basketball baseball swimming hiking biking running climbing boxing,12/4/2010 0:00,22,12/4/2010 0:00
606,football volleyball basketball baseball swimming hiking biking running climbing boxing,12/4/2010 0:00,22,12/4/2010 0:00
607,football volleyball basketball baseball swimming hiking biking running climbing boxing,12/4/2010 0:00,23,12/4/2010 0:00
608,football volleyball basketball baseball swimming hiking biking running climbing boxing,12/4/2010 0:00,23,12/4/2010 0:00
609,football volleyball basketball baseball swimming hiking biking running climbing boxing,12/4/2010 0:00,23,12/4/2010 0:00
610,football volleyball basketball baseball swimming hiking biking running climbing boxing,12/4/2010 0:00,24,12/4/2010 0:00
611,football volleyball basketball baseball swimming hiking biking running climbing boxing,12/4/2010 0:00,24,12/4/2010 0:00
612,football volleyball basketball baseball swimming hiking biking running climbing boxing,12/4/2010 0:00,24,12/4/2010 0:00
613,football volleyball basketball baseball swimming hiking biking running climbing boxing,12/4/2010 0:00,25,12/4/2010 0:00
614,football volleyball basketball baseball swimming hiking biking running climbing boxing,12/4/2010 0:00,25,12/4/2010 0:00
615,football volleyball basketball baseball swimming hiking biking running climbing boxing,12/4/2010 0:00,25,12/4/2010 0:00
616,football volleyball basketball baseball swimming hiking biking running climbing boxing,12/4/2010 0:00,26,12/4/2010 0:00
617,football volleyball basketball baseball swimming hiking biking running climbing boxing,12/4/2010 0:00,26,12/4/2010 0:00
618,football volleyball basketball baseball swimming hiking biking running climbing boxing,12/4/2010 0:00,26,12/4/2010 0:00
619,football volleyball basketball baseball swimming hiking biking running climbing boxing,12/4/2010 0:00,27,12/4/2010 0:00
620,football volleyball basketball baseball swimming hiking biking running climbing boxing,12/4/2010 0:00,27,12/4/2010 0:00
621,football volleyball basketball baseball swimming hiking biking running climbing boxing,12/4/2010 0:00,27,12/4/2010 0:00
622,football volleyball basketball baseball swimming hiking biking running climbing boxing,12/4/2010 0:00,28,12/4/2010 0:00
623,football volleyball basketball baseball swimming hiking biking running climbing boxing,12/4/2010 0:00,28,12/4/2010 0:00
624,football volleyball basketball baseball swimming hiking biking running climbing boxing,12/4/2010 0:00,28,12/4/2010 0:00
625,football volleyball basketball baseball swimming hiking biking running climbing boxing http://Z,12/4/2010 0:00,29,12/4/2010 0:00
626,football volleyball basketball baseball swimming hiking biking running climbing boxing,12/4/2010 0:00,29,12/4/2010 0:00
627,football volleyball basketball baseball swimming hiking biking running climbing boxing,12/4/2010 0:00,29,12/4/2010 0:00
628,football volleyball basketball baseball swimming hiking biking running climbing boxing,12/4/2010 0:00,30,12/4/2010 0:00
629,football volleyball basketball baseball swimming hiking biking running climbing boxing,12/4/2010 0:00,30,12/4/2010 0:00
630,football volleyball basketball baseball swimming hiking biking running climbing boxing,12/4/2010 0:00,30,12/4/2010 0:00
631,football volleyball basketball baseball swimming hiking biking running climbing boxing,12/4/2010 0:00,31,12/4/2010 0:00
632,football volleyball basketball baseball swimming hiking biking running climbing boxing,12/4/2010 0:00,31,12/4/2010 0:00
633,football volleyball basketball baseball swimming hiking biking running climbing boxing,12/4/2010 0:00,31,12/4/2010 0:00
634,football volleyball basketball baseball swimming hiking biking running climbing boxing,12/4/2010 0:00,32,12/4/2010 0:00
635,football volleyball basketball baseball swimming hiking biking running climbing boxing,12/4/2010 0:00,32,12/4/2010 0:00
636,football volleyball basketball baseball swimming hiking biking running climbing boxing,12/4/2010 0:00,32,12/4/2010 0:00
637,football volleyball basketball baseball swimming hiking biking running climbing boxing,12/4/2010 0:00,33,12/4/2010 0:00
638,football volleyball basketball baseball swimming hiking biking running climbing boxing,12/4/2010 0:00,33,12/4/2010 0:00
639,football volleyball basketball baseball swimming hiking biking running climbing boxing,12/4/2010 0:00,33,12/4/2010 0:00
640,football volleyball basketball baseball swimming hiking biking running climbing boxing,12/4/2010 0:00,34,12/4/2010 0:00
641,football volleyball basketball baseball swimming hiking biking running climbing boxing,12/4/2010 0:00,34,12/4/2010 0:00
642,football volleyball basketball baseball swimming hiking biking running climbing boxing,12/4/2010 0:00,34,12/4/2010 0:00
643,football volleyball basketball baseball swimming hiking biking running climbing boxing,12/4/2010 0:00,35,12/4/2010 0:00
644,football volleyball basketball baseball swimming hiking biking running climbing boxing,12/4/2010 0:00,35,12/4/2010 0:00
645,football volleyball basketball baseball swimming hiking biking running climbing boxing,12/4/2010 0:00,35,12/4/2010 0:00
646,football volleyball basketball baseball swimming hiking biking running climbing boxing,12/4/2010 0:00,36,12/4/2010 0:00
647,football volleyball basketball baseball swimming hiking biking running climbing boxing,12/4/2010 0:00,36,12/4/2010 0:00
648,football volleyball basketball baseball swimming hiking biking running climbing boxing,12/4/2010 0:00,36,12/4/2010 0:00
649,football volleyball basketball baseball swimming hiking biking running climbing boxing,12/4/2010 0:00,37,12/4/2010 0:00
650,football volleyball basketball baseball swimming hiking biking running climbing boxing http://AA,12/4/2010 0:00,37,12/4/2010 0:00
651,football volleyball basketball baseball swimming hiking biking running climbing boxing,12/4/2010 0:00,37,12/4/2010 0:00
652,football volleyball basketball baseball swimming hiking biking running climbing boxing,12/4/2010 0:00,38,12/4/2010 0:00
653,football volleyball basketball baseball swimming hiking biking running climbing boxing,12/4/2010 0:00,38,12/4/2010 0:00
654,football volleyball basketball baseball swimming hiking biking running climbing boxing,12/4/2010 0:00,38,12/4/2010 0:00
655,football volleyball basketball baseball swimming hiking biking running climbing boxing,12/4/2010 0:00,39,12/4/2010 0:00
656,football volleyball basketball baseball swimming hiking biking running climbing boxing,12/4/2010 0:00,39,12/4/2010 0:00
657,football volleyball basketball baseball swimming hiking biking running climbing boxing,12/4/2010 0:00,39,12/4/2010 0:00
658,football volleyball basketball baseball swimming hiking biking running climbing boxing,12/4/2010 0:00,40,12/4/2010 0:00
659,football volleyball basketball baseball swimming hiking biking running climbing boxing,12/4/2010 0:00,40,12/4/2010 0:00
660,football volleyball basketball baseball swimming hiking biking running climbing boxing,12/4/2010 0:00,40,12/4/2010 0:00
661,football volleyball whatsapp instagram twitter tiktok facebook linkedin snapchat discord skype zoom,12/4/2010 0:00,41,12/4/2010 0:00
662,football volleyball whatsapp instagram twitter tiktok facebook linkedin snapchat discord skype zoom,12/4/2010 0:00,41,12/4/2010 0:00
663,football volleyball whatsapp instagram twitter tiktok facebook linkedin snapchat discord skype zoom,12/4/2010 0:00,41,12/4/2010 0:00
664,football volleyball whatsapp instagram twitter tiktok facebook linkedin snapchat discord skype zoom,12/4/2010 0:00,42,12/4/2010 0:00
665,football volleyball whatsapp instagram twitter tiktok facebook linkedin snapchat discord skype zoom,12/4/2010 0:00,42,12/4/2010 0:00
666,football volleyball whatsapp instagram twitter tiktok facebook linkedin snapchat discord skype zoom,12/4/2010 0:00,42,12/4/2010 0:00
667,football volleyball whatsapp instagram twitter tiktok facebook linkedin snapchat discord skype zoom,12/4/2010 0:00,43,12/4/2010 0:00
668,football volleyball whatsapp instagram twitter tiktok facebook linkedin snapchat discord skype zoom,12/4/2010 0:00,43,12/4/2010 0:00
669,football volleyball whatsapp instagram twitter tiktok facebook linkedin snapchat discord skype zoom,12/4/2010 0:00,43,12/4/2010 0:00
670,football volleyball whatsapp instagram twitter tiktok facebook linkedin snapchat discord skype zoom,12/4/2010 0:00,44,12/4/2010 0:00
671,football volleyball whatsapp instagram twitter tiktok facebook linkedin snapchat discord skype zoom,12/4/2010 0:00,44,12/4/2010 0:00
672,football volleyball whatsapp instagram twitter tiktok facebook linkedin snapchat discord skype zoom,12/4/2010 0:00,44,12/4/2010 0:00
673,football volleyball whatsapp instagram twitter tiktok facebook linkedin snapchat discord skype zoom,12/4/2010 0:00,45,12/4/2010 0:00
674,football volleyball whatsapp instagram twitter tiktok facebook linkedin snapchat discord skype zoom,12/4/2010 0:00,45,12/4/2010 0:00
675,football volleyball whatsapp instagram twitter tiktok facebook linkedin snapchat discord skype zoom http://AB,12/4/2010 0:00,45,12/4/2010 0:00
676,football volleyball whatsapp instagram twitter tiktok facebook linkedin snapchat discord skype zoom,12/4/2010 0:00,46,12/4/2010 0:00
677,football volleyball whatsapp instagram twitter tiktok facebook linkedin snapchat discord skype zoom,12/4/2010 0:00,46,12/4/2010 0:00
678,football volleyball whatsapp instagram twitter tiktok facebook linkedin snapchat discord skype zoom,12/4/2010 0:00,46,12/4/2010 0:00
679,football volleyball whatsapp instagram twitter tiktok facebook linkedin snapchat discord skype zoom,12/4/2010 0:00,47,12/4/2010 0:00
680,football volleyball whatsapp instagram twitter tiktok facebook linkedin snapchat discord skype zoom,12/4/2010 0:00,47,12/4/2010 0:00
681,football volleyball whatsapp instagram twitter tiktok facebook linkedin snapchat discord skype zoom,12/4/2010 0:00,47,12/4/2010 0:00
682,football volleyball whatsapp instagram twitter tiktok facebook linkedin snapchat discord skype zoom,12/4/2010 0:00,48,12/4/2010 0:00
683,football volleyball whatsapp instagram twitter tiktok facebook linkedin snapchat discord skype zoom,12/4/2010 0:00,48,12/4/2010 0:00
684,football volleyball whatsapp instagram twitter tiktok facebook linkedin snapchat discord skype zoom,12/4/2010 0:00,48,12/4/2010 0:00
685,football volleyball whatsapp instagram twitter tiktok facebook linkedin snapchat discord skype zoom,12/4/2010 0:00,49,12/4/2010 0:00
686,football volleyball whatsapp instagram twitter tiktok facebook linkedin snapchat discord skype zoom,12/4/2010 0:00,49,12/4/2010 0:00
687,football volleyball whatsapp instagram twitter tiktok facebook linkedin snapchat discord skype zoom,12/4/2010 0:00,49,12/4/2010 0:00
688,football volleyball whatsapp instagram twitter tiktok facebook linkedin snapchat discord skype zoom,12/4/2010 0:00,50,12/4/2010 0:00
689,football volleyball whatsapp instagram twitter tiktok facebook linkedin snapchat discord skype zoom,12/4/2010 0:00,50,12/4/2010 0:00
690,football volleyball whatsapp instagram twitter tiktok facebook linkedin snapchat discord skype zoom,12/4/2010 0:00,50,12/4/2010 0:00
691,football volleyball whatsapp instagram twitter tiktok facebook linkedin snapchat discord skype zoom,12/4/2010 0:00,51,12/4/2010 0:00
692,football volleyball whatsapp instagram twitter tiktok facebook linkedin snapchat discord skype zoom,12/4/2010 0:00,51,12/4/2010 0:00
693,football volleyball whatsapp instagram twitter tiktok facebook linkedin snapchat discord skype zoom,12/4/2010 0:00,51,12/4/2010 0:00
694,football volleyball whatsapp instagram twitter tiktok facebook linkedin snapchat discord skype zoom,12/4/2010 0:00,52,12/4/2010 0:00
695,football volleyball whatsapp instagram twitter tiktok facebook linkedin snapchat discord skype zoom,12/4/2010 0:00,52,12/4/2010 0:00
696,football volleyball whatsapp instagram twitter tiktok facebook linkedin snapchat discord skype zoom,12/4/2010 0:00,52,12/4/2010 0:00
697,football volleyball whatsapp instagram twitter tiktok facebook linkedin snapchat discord skype zoom,12/4/2010 0:00,53,12/4/2010 0:00
698,football volleyball whatsapp instagram twitter tiktok facebook linkedin snapchat discord skype zoom,12/4/2010 0:00,53,12/4/2010 0:00
699,football volleyball whatsapp instagram twitter tiktok facebook linkedin snapchat discord skype zoom,12/4/2010 0:00,53,12/4/2010 0:00
700,football volleyball whatsapp instagram twitter tiktok facebook linkedin snapchat discord skype zoom http://AC,12/4/2010 0:00,54,12/4/2010 0:00
701,football volleyball whatsapp instagram twitter tiktok facebook linkedin snapchat discord skype zoom,12/4/2010 0:00,54,12/4/2010 0:00
702,football volleyball whatsapp instagram twitter tiktok facebook linkedin snapchat discord skype zoom,12/4/2010 0:00,54,12/4/2010 0:00
703,football volleyball whatsapp instagram twitter tiktok facebook linkedin snapchat discord skype zoom,12/4/2010 0:00,55,12/4/2010 0:00
704,football volleyball whatsapp instagram twitter tiktok facebook linkedin snapchat discord skype zoom,12/4/2010 0:00,55,12/4/2010 0:00
705,football volleyball whatsapp instagram twitter tiktok facebook linkedin snapchat discord skype zoom,12/4/2010 0:00,55,12/4/2010 0:00
706,football volleyball whatsapp instagram twitter tiktok facebook linkedin snapchat discord skype zoom,12/4/2010 0:00,56,12/4/2010 0:00
707,football volleyball whatsapp instagram twitter tiktok facebook linkedin snapchat discord skype zoom,12/4/2010 0:00,56,12/4/2010 0:00
708,football volleyball whatsapp instagram twitter tiktok facebook linkedin snapchat discord skype zoom,12/4/2010 0:00,56,12/4/2010 0:00
709,football volleyball whatsapp instagram twitter tiktok facebook linkedin snapchat discord skype zoom,12/4/2010 0:00,57,12/4/2010 0:00
710,football volleyball whatsapp instagram twitter tiktok facebook linkedin snapchat discord skype zoom,12/4/2010 0:00,57,12/4/2010 0:00
711,football volleyball whatsapp instagram twitter tiktok facebook linkedin snapchat discord skype zoom,12/4/2010 0:00,57,12/4/2010 0:00
712,football volleyball whatsapp instagram twitter tiktok facebook linkedin snapchat discord skype zoom,12/4/2010 0:00,58,12/4/2010 0:00
713,football volleyball whatsapp instagram twitter tiktok facebook linkedin snapchat discord skype zoom,12/4/2010 0:00,58,12/4/2010 0:00
714,football volleyball whatsapp instagram twitter tiktok facebook linkedin snapchat discord skype zoom,12/4/2010 0:00,58,12/4/2010 0:00
715,football volleyball whatsapp instagram twitter tiktok facebook linkedin snapchat discord skype zoom,12/4/2010 0:00,59,12/4/2010 0:00
716,football volleyball whatsapp instagram twitter tiktok facebook linkedin snapchat discord skype zoom,12/4/2010 0:00,59,12/4/2010 0:00
717,football volleyball whatsapp instagram twitter tiktok facebook linkedin snapchat discord skype zoom,12/4/2010 0:00,59,12/4/2010 0:00
718,football volleyball whatsapp instagram twitter tiktok facebook linkedin snapchat discord skype zoom,12/4/2010 0:00,60,12/4/2010 0:00
719,football volleyball whatsapp instagram twitter tiktok facebook linkedin snapchat discord skype zoom,12/4/2010 0:00,60,12/4/2010 0:00
720,football volleyball whatsapp instagram twitter tiktok facebook linkedin snapchat discord skype zoom http://AD,12/4/2010 0:00,60,12/4/2010 0:00
